"unique_id","category","extraction_date","contract_start_date","contract_end_date","property_size","bedrooms","location","price","property_type","status","transaction_date","property_number","price_per_sqft"
"449efaccd16d287c31944ae6e0833fe3","buy","2026-04-01","","","4395265.48","","Academic City","1713543533","","Ready","2026-01-23","347","389.86"
"78bc901b091fd3f9b4695cf881f0eab0","buy","2026-04-01","","","6693160.18","","Academic City","3130254657.13","","Ready","2026-01-23","346","467.68"
"ca8ca9889613e50999f9bc17cc68d5ab","buy","2026-04-01","","","3125784.57","","Academic City","1461865761.37","","Ready","2026-01-23","345","467.68"
"26a4af93bdf8156e8295e34f9eb533eb","buy","2026-04-01","","","746.80","1","Agua Residences Tower 1","1900072","Apartment","Off-plan","2026-02-27","502","2544.29"
"410082b36220c8b78d7d421dc9807e91","buy","2026-04-01","","","1636.65","3","Agua Residences Tower 1","3103191","Apartment","Off-plan","2026-02-27","503","1896.06"
"7fef29a97b738588295661120b3277c4","buy","2026-04-01","","","795.99","1","Agua Residences Tower 1","1555540","Apartment","Off-plan","2026-02-27","601","1954.22"
"bf6d1b1b5b641b6a69b7dd0a14358ad1","buy","2026-04-01","","","1446.02","3","Agua Residences Tower 1","2886000","Apartment","Off-plan","2026-01-23","604","1995.82"
"02c487b58a1823be25a4456ff8df3ee7","buy","2026-04-01","","","727.10","1","Agua Residences Tower 1","1946718","Apartment","Off-plan","2026-01-16","705","2677.37"
"055860be764e48171cd4bc24e6847136","buy","2026-04-01","","","713.86","1","Agua Residences Tower 1","1625000","Apartment","Off-plan","2026-01-16","205","2276.35"
"80f758e41ed10c9d1ab7f93562786f56","buy","2026-04-01","","","712.46","1","Agua Residences Tower 1","1906698","Apartment","Off-plan","2026-01-16","706","2676.21"
"b2417e43d04de3447465edee11af8cfe","buy","2026-04-01","","","791.36","1","Agua Residences Tower 1","1771858","Apartment","Off-plan","2026-01-16","202","2239.00"
"fff6794233db1531811b6006792be161","buy","2026-04-01","","","747.23","1","Agua Residences Tower 1","1823783","Apartment","Off-plan","2026-01-16","302","2440.73"
"188f504aa00f139ab10f8b6ec8f0f884","buy","2026-04-01","","","811.92","1","Agua Residences Tower 1","2056379","Apartment","Off-plan","2025-12-19","606","2532.73"
"2109f7a2d59daa6e67c476c7db8981d3","buy","2026-04-01","","","731.41","1","Agua Residences Tower 1","1926848","Apartment","Off-plan","2025-12-19","701","2634.44"
"3aa8b9ce56d3fe63dcfd00d3f184beea","buy","2026-04-01","","","811.92","1","Agua Residences Tower 1","1970954","Apartment","Off-plan","2025-12-19","206","2427.52"
"4072bfd0660b16b873bc340c00b8bf66","buy","2026-04-01","","","1461.63","2","Agua Residences Tower 1","2875734","Apartment","Off-plan","2025-12-19","P1-05","1967.48"
"4225d56dfac73cdc3872bd2106d7be58","buy","2026-04-01","","","727.10","1","Agua Residences Tower 1","1931263","Apartment","Off-plan","2025-12-19","505","2656.11"
"650fa4acde78425b0504b54391fb9625","buy","2026-04-01","","","1635.47","3","Agua Residences Tower 1","2813750","Apartment","Off-plan","2025-12-19","303","1720.46"
"6d66f0339421c6195412e72934fe8f30","buy","2026-04-01","","","746.80","1","Agua Residences Tower 1","2016403","Apartment","Off-plan","2025-12-19","702","2700.06"
"c75c05f1c733765955486880d1bd430e","buy","2026-04-01","","","791.47","1","Agua Residences Tower 1","1925933","Apartment","Off-plan","2025-12-19","602","2433.36"
"fd4709c46d312fd4d83a22c5a617e9cc","buy","2026-04-01","","","1470.78","3","Agua Residences Tower 1","3094969","Apartment","Off-plan","2025-10-29","403","2104.31"
"759b5fb2ef58bd3ab6bb6fb65c33e105","rent","2026-04-01","2026-03-25","2027-03-24","1881.53","3","Primrose","95000","Villa","Renewed","2026-03-27","C180B",""
"f83d2bb032a53bffc7fca08e813a50c3","rent","2026-04-01","2025-11-15","2026-11-14","1881.53","3","Primrose","120000","Villa","New","2026-03-27","C330B",""
"93c42bcb2041f6ea3e0bd47ae580b9b0","rent","2026-04-01","2025-12-25","2026-12-24","1899.83","3","Primrose","100000","Villa","New","2026-03-10","C075B",""
"fba7ddbbaf90345e259105c3aec47a89","rent","2026-04-01","2026-03-10","2027-03-09","1881.53","3","Primrose","110000","Villa","New","2026-03-06","C177B",""
"18abca110e3391195da6ea6e94e0e4fb","rent","2026-04-01","2026-03-20","2027-02-19","1881.53","3","Primrose","120000","Villa","New","2026-03-05","C331B",""
"7366f57fd6991ae5b781d534155482ce","rent","2026-04-01","2026-02-28","2027-02-27","1881.64","3","Primrose","125000","Villa","New","2026-02-27","C086B",""
"93ef334824754165d9a9b80b8e3cb20c","rent","2026-04-01","2025-11-27","2026-11-26","1881.53","3","Primrose","105000","Villa","Renewed","2026-02-23","C018B",""
"8aad002087bcd93c51e4323a0fdcc70f","rent","2026-04-01","2026-02-15","2027-02-14","1881.53","3","Primrose","120000","Villa","New","2026-02-12","C237B",""
"8a3185c2a861b46e8fe0bb47442c729f","rent","2026-04-01","2025-08-10","2026-08-09","1881.53","3","Primrose","84000","Villa","Renewed","2026-02-10","C178B",""
"6a5654c74a60115451d4e5391159cc5e","rent","2026-04-01","2025-05-01","2026-04-30","1901.12","3","Primrose","76000","Villa","Renewed","2026-02-05","C063B",""
"5159b939e78e1317dc73f032d5bc3fde","rent","2026-04-01","2026-02-07","2027-02-06","1881.53","3","Primrose","140000","Villa","New","2026-02-03","C329B",""
"f59ab03a80f7f9b0bbb3a726cc832095","rent","2026-04-01","2026-03-01","2027-02-28","1875.61","3","Primrose","115000","Villa","Renewed","2026-02-03","C350B",""
"ad4e169336cd8e34840f40ef78eb5e95","rent","2026-04-01","2026-02-01","2027-01-31","1881.53","3","Primrose","140000","Villa","New","2026-01-29","C197B",""
"840952c752df142b51c3268f15781757","rent","2026-04-01","2026-01-20","2027-01-19","1881.53","3","Primrose","100000","Villa","Renewed","2026-01-22","C032B",""
"978cfdcecd01a75fb951260e338ba189","rent","2026-04-01","2026-01-24","2027-01-23","1881.53","3","Primrose","130000","Villa","New","2026-01-20","C232B",""
"ef24f1ec1beb250497d49bc767d7705a","rent","2026-04-01","2026-01-15","2027-01-14","1881.53","3","Primrose","105000","Villa","Renewed","2026-01-19","C181B",""
"9f5bc13a5fb0cea24d87908d5a67877a","rent","2026-04-01","2026-01-05","2027-01-04","2574.72","3","Primrose","87000","Villa","Renewed","2026-01-15","C168B",""
"d24c8556f2f95d8d517a00dd4e1315af","rent","2026-04-01","2026-01-05","2027-01-04","1881.53","3","Primrose","75900","Villa","Renewed","2026-01-13","C226B",""
"1c5bc0e6036b80192f662986c0347774","rent","2026-04-01","2026-01-07","2027-01-06","1881.53","3","Primrose","110000","Villa","New","2026-01-08","C273B",""
"795f857e2e5564763028aacc5f9197bd","rent","2026-04-01","2026-01-10","2027-01-09","1881.53","3","Primrose","81000","Villa","Renewed","2026-01-05","C088B",""
"e53f2eaeb367aee72f014f7fa67a6e2a","rent","2026-04-01","2025-12-23","2026-12-22","3256.30","3","Primrose","123000","Villa","Renewed","2026-01-02","C184B",""
"bc8ecacf4a8a5c364c6ce53417374b0b","rent","2026-04-01","2026-01-01","2026-12-31","1881.53","3","Primrose","105000","Villa","New","2025-12-22","C190B",""
"f40a7cc860bdb208222a432662ff0198","rent","2026-04-01","2025-12-15","2026-07-14","1881.53","3","Primrose","43604","Villa","Renewed","2025-12-22","C210B",""
"fb8188c2c785eef06080394068b10891","rent","2026-04-01","2025-12-31","2026-04-30","1881.53","3","Primrose","25666","Villa","New","2025-12-22","C172B",""
"4a5e25e66b5fe7b9812ee6dcbfee573a","rent","2026-04-01","2025-12-24","2026-12-23","1881.53","3","Primrose","83000","Villa","Renewed","2025-12-09","C209B",""
"c748737d40d3eb68c904028eac026191","rent","2026-04-01","2025-04-06","2026-04-05","1881.53","3","Primrose","100000","Villa","Renewed","2025-12-08","C322B",""
"c5a1442bce3785887144cbd40ab290e3","rent","2026-04-01","2025-12-01","2026-11-30","1881.53","3","Primrose","78488","Villa","Renewed","2025-12-03","C318B",""
"dcf0783e6da853bcf76cc65754a94013","rent","2026-04-01","2025-11-15","2026-05-15","1911.88","3","Primrose","40477","Villa","New","2025-11-28","C079B",""
"abab41a04435a42afd3c3c529ab39e50","rent","2026-04-01","2025-11-24","2026-11-23","1881.53","3","Primrose","120000","Villa","New","2025-11-27","C221B",""
"75b6b005489bc155261b445c1f04077a","rent","2026-04-01","2024-05-01","2025-04-30","1901.12","3","Primrose","69000","Villa","New","2025-11-13","C063B",""
"09d8afcd514d54ea2ba5b18cf2908aac","rent","2026-04-01","2025-11-15","2026-11-14","1940.41","3","Primrose","100000","Villa","New","2025-11-12","C070B",""
"7e407e3bc57dd4a97fef3d88dd42e870","rent","2026-04-01","2025-11-10","2026-11-09","1881.53","3","Primrose","120000","Villa","New","2025-11-11","C175B",""
"6c61a7445af70934eb029b0088acaa38","rent","2026-04-01","2025-11-10","2026-11-09","1901.01","3","Primrose","110000","Villa","New","2025-11-10","C047B",""
"7fea44c59c172bd592a015e6142fa2a4","rent","2026-04-01","2025-11-14","2026-11-13","2822.62","3","Primrose","130000","Villa","New","2025-11-10","C229B",""
"8a09996055cffc96727a3780ac15b323","rent","2026-04-01","2025-11-07","2026-11-06","1881.53","3","Primrose","123000","Villa","New","2025-11-07","C231B",""
"48c638e330edf0be3987d69c4d3d86c0","rent","2026-04-01","2025-10-24","2026-10-23","1881.53","3","Primrose","80000","Villa","New","2025-11-05","C323B",""
"905566cf4e1217c38b964b94876ba650","rent","2026-04-01","2025-09-16","2026-09-15","1909.09","3","Primrose","79350","Villa","Renewed","2025-11-05","C352B",""
"37120a64474baab51d2232af4dce35d1","rent","2026-04-01","2025-10-20","2026-10-19","1881.53","3","Primrose","84700","Villa","Renewed","2025-11-04","C188B",""
"ac19490d508539794b5392763eb92f0a","rent","2026-04-01","2025-11-02","2026-11-01","1881.53","3","Primrose","107000","Villa","New","2025-11-01","C335B",""
"46e5d0a0e249899b0190eddefbd404a4","rent","2026-04-01","2025-11-15","2026-11-14","1901.12","3","Primrose","95000","Villa","Renewed","2025-10-30","C055B",""
"e02d74ea4a5ace0cfbb072604076d7d6","rent","2026-04-01","2025-11-01","2026-10-31","1881.53","3","Primrose","140000","Villa","New","2025-10-28","C098B",""
"9e746a450b9516e899605026659edefb","rent","2026-04-01","2025-11-01","2026-10-31","1881.53","3","Primrose","100000","Villa","New","2025-10-27","C233B",""
"2f7cd99b59ccc6f3373a8f7bf578c68d","rent","2026-04-01","2025-11-01","2026-10-31","2423.49","3","Primrose","125000","Villa","New","2025-10-26","C261B",""
"0e77c3b4e17b1ede3c41410fc87a3591","rent","2026-04-01","2025-10-15","2026-10-14","1881.53","3","Primrose","115000","Villa","Renewed","2025-10-23","C091B",""
"ff11ee2fb04ec01b7306f7310a9c73f4","rent","2026-04-01","2025-11-01","2026-10-31","1881.53","3","Primrose","105000","Villa","New","2025-10-22","C013B",""
"c6e4f7c3051972fc4aa75d4245ef3de4","rent","2026-04-01","2025-10-15","2026-10-14","1881.53","3","Primrose","125000","Villa","Renewed","2025-10-13","C304B",""
"bdb956006705bb3671396825e94de2ad","rent","2026-04-01","2025-10-20","2026-10-19","1940.30","3","Primrose","100000","Villa","New","2025-10-11","C058B",""
"f8d8da23fba933b82462663b519d7c33","rent","2026-04-01","2025-10-16","2026-10-15","1881.53","3","Primrose","90300","Villa","Renewed","2025-09-29","C112B",""
"2b9828037dc496f78bc87cce75bad8bd","rent","2026-04-01","2025-10-01","2026-09-30","1881.53","3","Primrose","110000","Villa","New","2025-09-25","C219B",""
"4230ad92d112cd28e3718a8415e6b767","rent","2026-04-01","2025-09-29","2026-09-28","1881.53","3","Primrose","123000","Villa","New","2025-09-25","C231B",""
"668bbac11bdeb5f002efbfd1bc2c13ae","rent","2026-04-01","2025-09-22","2026-09-21","1881.53","3","Primrose","120000","Villa","New","2025-09-22","C090B",""
"638a101980b3578806fb87e5cb10ea29","rent","2026-04-01","2025-09-27","2026-09-26","1881.53","3","Primrose","105000","Villa","Renewed","2025-09-18","C025B",""
"9ae4afb5bdbbdc89b85f1c047f5a7fd6","rent","2026-04-01","2025-10-01","2026-09-30","1940.41","3","Primrose","90000","Villa","New","2025-09-17","C050B",""
"d2eea1a0189b75ad03a346fe046594a8","rent","2026-04-01","2025-09-16","2026-09-15","1881.53","3","Primrose","105000","Villa","Renewed","2025-09-12","C252B",""
"ac281ff6db62ed5625840b4aff7dbe3d","rent","2026-04-01","2025-09-15","2026-09-14","3225.08","3","Primrose","82500","Villa","Renewed","2025-09-09","C169B",""
"81d455648a08f0631512c32440262acb","rent","2026-04-01","2025-06-30","2026-06-29","1881.53","3","Primrose","76075","Villa","Renewed","2025-09-02","C121B",""
"d30335198c7dbfc34d6355affcd79d8c","rent","2026-04-01","2025-09-10","2026-09-09","1881.53","3","Primrose","74265","Villa","Renewed","2025-09-02","C307B",""
"2f5d6a99232df8a892d4e4e1cb4edf9c","rent","2026-04-01","2025-09-01","2026-08-31","1881.53","3","Primrose","110000","Villa","New","2025-08-25","C122B",""
"759b19300643669d652e8bfafdd044ba","rent","2026-04-01","2025-08-25","2026-08-24","1881.53","3","Primrose","110000","Villa","New","2025-08-22","C306B",""
"1c33a3c7b01463f10706e4b800a654a1","rent","2026-04-01","2025-08-21","2026-08-20","1940.19","3","Primrose","125000","Villa","New","2025-08-21","C074B",""
"de9973bdbe12f622122bf45faa6f81ef","rent","2026-04-01","2025-08-15","2026-08-14","1881.53","3","Primrose","90000","Villa","New","2025-08-15","C264B",""
"625d660e4344702356b63c159ace4d02","rent","2026-04-01","2025-08-15","2026-08-14","1881.53","3","Primrose","95000","Villa","New","2025-08-11","C272B",""
"2aa2d063a17bca3b9a3e5a9e9d3b32c2","rent","2026-04-01","2025-08-02","2026-08-01","1881.53","3","Primrose","120000","Villa","New","2025-08-01","C156B",""
"317d7b426acaf71ff6049322a09ace1f","rent","2026-04-01","2025-08-01","2026-07-31","1881.53","3","Primrose","75900","Villa","Renewed","2025-07-21","C310B",""
"e5ddacb4dd65498a28ef12d15d490299","rent","2026-04-01","2025-08-01","2026-07-31","1881.53","3","Primrose","130000","Villa","Renewed","2025-07-16","C179B",""
"00731c012e343f3cb3b9a717489a8ab4","rent","2026-04-01","2025-05-10","2026-05-09","1881.53","3","Primrose","84000","Villa","Renewed","2025-07-15","C186B",""
"d55ec0f8b074c7db3c63ce50ee4bc436","rent","2026-04-01","2025-07-15","2026-07-14","1881.53","3","Primrose","115000","Villa","New","2025-07-12","C253B",""
"8c785c591bd25c1a564cdc10df3289da","rent","2026-04-01","2025-07-23","2026-07-22","1881.53","3","Primrose","135000","Villa","Renewed","2025-07-07","C095B",""
"4f79150ec25e7e627d80bf0e35c10f39","rent","2026-04-01","2025-07-02","2026-07-01","1881.53","3","Primrose","80850","Villa","Renewed","2025-07-01","C260B",""
"53d87e971f0ef7ddc5b3de13dc12e040","rent","2026-04-01","2025-07-01","2026-06-30","1881.53","3","Primrose","100000","Villa","New","2025-06-26","C160B",""
"aeae1691c728c93ec105aae22ec0e093","rent","2026-04-01","2025-08-07","2026-08-06","1881.53","3","Primrose","90000","Villa","Renewed","2025-06-20","C342B",""
"639cc1efeb9e2c649b1096d3722dea90","rent","2026-04-01","2025-06-19","2026-06-18","1879.16","3","Primrose","120000","Villa","Renewed","2025-06-17","C084B",""
"d3ddfc979ffdb7adabc85b39590912ed","rent","2026-04-01","2025-07-26","2026-07-25","1881.53","3","Primrose","77000","Villa","Renewed","2025-06-17","C249B",""
"f74ad1477172f7b7643fb639098bdb21","rent","2026-04-01","2025-06-15","2026-06-14","2338.46","3","Primrose","80000","Villa","Renewed","2025-06-13","C353B",""
"ec346db8da29645c8e079f565646ff12","rent","2026-04-01","2025-06-10","2026-06-09","1881.53","3","Primrose","125000","Villa","New","2025-06-12","C224B",""
"07371cc52aac0dddb9715433ed044296","rent","2026-04-01","2025-06-01","2026-02-28","1901.12","3","Primrose","62250","Villa","Renewed","2025-06-10","C067B",""
"661e6e14171b90cdb4bcd59918e41035","rent","2026-04-01","2025-06-10","2026-06-09","1881.53","3","Primrose","105000","Villa","New","2025-06-04","C097B",""
"0f0cbe6bca196537e3edb72e04ccd619","rent","2026-04-01","2025-08-01","2026-07-31","1881.53","3","Primrose","78490","Villa","Renewed","2025-06-02","C311B",""
"4b4a52051c6d834a29a59ee0d0c7c139","rent","2026-04-01","2025-06-08","2026-06-07","1881.53","3","Primrose","110000","Villa","Renewed","2025-06-02","C154B",""
"f4f2fb553aefa8e004c3359c616c7f48","rent","2026-04-01","2025-09-01","2026-08-31","1881.53","3","Primrose","108000","Villa","Renewed","2025-06-01","C109B",""
"32d1d47ca54bdf9a48da44526099370b","rent","2026-04-01","2025-06-01","2026-05-31","1881.53","3","Primrose","110000","Villa","New","2025-05-28","C225B",""
"f6aefdc999b1fa1438b0ef8a07612913","rent","2026-04-01","2025-05-25","2026-05-24","1939.76","3","Primrose","120000","Villa","New","2025-05-22","C046B",""
"72af4a923f7f2073f7b88604ba60f2a0","rent","2026-04-01","2025-05-01","2026-04-30","1881.53","3","Primrose","115000","Villa","New","2025-05-19","C021B",""
"52992888ff71cd5a1e8b5702a36f4675","rent","2026-04-01","2025-05-19","2026-05-18","1881.53","3","Primrose","80850","Villa","Renewed","2025-05-16","C319B",""
"974049a61567728dd1390dbf72fa1677","rent","2026-04-01","2025-02-24","2026-02-23","1881.53","3","Primrose","105000","Villa","Renewed","2025-05-14","C175B",""
"020979df78659b45b6adc57da94f5ba1","rent","2026-04-01","2025-05-01","2026-04-30","1881.53","3","Primrose","125000","Villa","New","2025-05-09","C275B",""
"bb0d5568b3b7bdc8b879a0d8199cd556","rent","2026-04-01","2025-05-01","2026-04-30","1881.53","3","Primrose","100000","Villa","New","2025-04-29","C165B",""
"60b620e8b680f8b41d3718797b7c5cce","rent","2026-04-01","2025-04-10","2031-04-09","1937.82","3","Primrose","300000","Villa","New","2025-04-28","C034B",""
"a6ceec073d2cc748596982fbf1cbdc15","rent","2026-04-01","2025-04-15","2026-04-14","1881.53","3","Primrose","78488","Villa","Renewed","2025-04-22","C125B",""
"dff646c494d50d59983f195cab7c2ab9","rent","2026-04-01","2025-01-20","2026-01-19","1881.53","3","Primrose","100000","Villa","Renewed","2025-04-22","C032B",""
"3709929405553ae8b71cfdf10e8a8b87","rent","2026-04-01","2025-04-01","2026-03-31","1881.53","3","Primrose","82500","Villa","Renewed","2025-04-12","C093B",""
"ae2af813047d86466dfaaaee499e98e5","rent","2026-04-01","2025-04-08","2026-04-07","1940.19","3","Primrose","95000","Villa","New","2025-04-10","C062B",""
"4f3d3964dbd8f3f84bbdf5d8bf330768","rent","2026-04-01","2025-07-12","2026-07-11","1881.53","3","Primrose","88200","Villa","Renewed","2025-04-04","C314B",""
"1f3858f69e349c5d893199ca30501360","rent","2026-04-01","2025-04-01","2026-03-31","2295.51","3","Primrose","120000","Villa","New","2025-03-28","C244B",""
"7f463d91481bdb64b7de134bf8473833","rent","2026-04-01","2025-04-01","2026-03-31","1881.53","3","Primrose","120000","Villa","New","2025-03-28","C094B",""
"334ef1c666454d51fadb653cc3365f3c","rent","2026-04-01","2025-03-25","2026-03-24","1881.53","3","Primrose","85000","Villa","Renewed","2025-03-25","C180B",""
"5a96c9c9b6290dc959cf01b22e2f0d82","rent","2026-04-01","2025-04-01","2026-03-31","1901.01","3","Primrose","84000","Villa","Renewed","2025-03-20","C059B",""
"72a66f6bab09551f2dcd49695fbc5e8b","rent","2026-04-01","2024-08-20","2025-08-19","1881.53","3","Primrose","110000","Villa","New","2025-03-17","C335B",""
"5f53d9b0d5554f9a222fd65794eef8f6","rent","2026-04-01","2024-10-01","2025-09-30","1881.53","3","Primrose","140000","Villa","New","2025-03-13","C098B",""
"4372c197cc083042ffd1695f3c361a3b","rent","2026-04-01","2025-04-01","2026-03-31","1881.53","3","Primrose","100000","Villa","New","2025-03-06","C236B",""
"5a9e5891bdf4f053a525f460bfbe1c80","rent","2026-04-01","2025-03-06","2025-10-15","1940.09","3","Primrose","49355","Villa","New","2025-03-06","C066B",""
"ef091b162f46fd08f0d84ccc7065bd55","rent","2026-04-01","2025-02-07","2026-02-06","2170.43","3","Primrose","115000","Villa","New","2025-02-26","C030B",""
"eec8ff4f31f303f9e8ef57885ac1b087","rent","2026-04-01","2025-03-01","2026-02-28","1881.53","3","Primrose","120000","Villa","New","2025-02-20","C205B",""
"a37aa9cf481a484f992e80d604ff1f93","rent","2026-04-01","2025-02-13","2026-02-12","1881.53","3","Primrose","100000","Villa","New","2025-02-13","C103B",""
"eb280b8d488239720cb260436a8981d1","rent","2026-04-01","2024-12-25","2025-12-24","1899.83","3","Primrose","95000","Villa","New","2025-02-13","C075B",""
"c3351e69fb1d2782a6a6607c258c9342","rent","2026-04-01","2025-03-15","2026-03-14","1881.53","3","Primrose","110000","Villa","Renewed","2025-02-10","C026B",""
"3869941896244f088541d5a2d9030ddd","rent","2026-04-01","2025-02-15","2026-02-14","1881.53","3","Primrose","120000","Villa","New","2025-01-28","C237B",""
"3f004c073bd52cd2b011d8b494f60890","rent","2026-04-01","2025-01-15","2026-01-14","1881.53","3","Primrose","105000","Villa","New","2025-01-28","C181B",""
"e8f5e1bc19913d68e97a429c0caca537","rent","2026-04-01","2025-01-05","2026-01-04","1881.53","3","Primrose","69000","Villa","Renewed","2025-01-27","C226B",""
"8be9c23d6f033d55850d68561f8839cb","rent","2026-04-01","2025-01-10","2026-01-09","1881.53","3","Primrose","72335","Villa","New","2025-01-13","C088B",""
"05d20577483f2c7569d22676e12d1288","rent","2026-04-01","2025-03-01","2026-02-28","1875.61","3","Primrose","115000","Villa","Renewed","2025-01-10","C350B",""
"0346ea5ee34578c1d22ab0e73ca619a4","rent","2026-04-01","2025-01-21","2026-01-20","1881.53","3","Primrose","100000","Villa","Renewed","2025-01-08","C232B",""
"b76138449269fe1f4490429eb8b6abb0","rent","2026-04-01","2024-02-24","2025-02-23","1881.53","3","Primrose","86625","Villa","Renewed","2025-01-07","C175B",""
"e6d06176dc4aad548a3017df1894c7de","rent","2026-04-01","2025-01-06","2025-10-05","1934.81","3","Primrose","66000","Villa","New","2025-01-06","C071B",""
"775617f94a5f21deba6bc96f23773ebf","rent","2026-04-01","2024-12-15","2025-12-14","1881.53","3","Primrose","74750","Villa","Renewed","2025-01-03","C210B",""
"73f049986667cbc60b6936889111e71e","rent","2026-04-01","2025-01-01","2025-12-31","1881.53","3","Primrose","105000","Villa","New","2024-12-30","C190B",""
"c67913cc0a4810d921bff8b36827da1e","rent","2026-04-01","2025-01-05","2026-01-04","2574.72","3","Primrose","87000","Villa","Renewed","2024-12-30","C168B",""
"0d54fa5351bbcb963f08a26babcc41b2","rent","2026-04-01","2024-12-26","2025-12-25","1881.53","3","Primrose","116000","Villa","New","2024-12-27","C212B",""
"8a415ce1a60ad9b54ae0738f810fc9b2","rent","2026-04-01","2024-12-25","2025-12-24","1899.83","3","Primrose","95000","Villa","New","2024-12-22","C075B",""
"3fbb8e3ea60a642c4459d61e0d54b466","rent","2026-04-01","2024-12-24","2025-12-23","1881.53","3","Primrose","83000","Villa","Renewed","2024-12-18","C209B",""
"669b9d92986f8076607f1c8daed4d053","rent","2026-04-01","2024-06-01","2025-05-31","1881.53","3","Primrose","75000","Villa","Renewed","2024-12-16","C003B",""
"6d0c92508d742d4f3e1c34e56e2757cb","rent","2026-04-01","2024-12-08","2025-12-07","1881.53","3","Primrose","105000","Villa","New","2024-12-08","C176B",""
"57d700c75d9306a2c49e2652c6d26c1a","rent","2026-04-01","2024-05-01","2025-04-30","1881.53","3","Primrose","90000","Villa","New","2024-11-28","C102B",""
"bcebe220c4c1ba3b33cd54efac2aae65","rent","2026-04-01","2024-11-27","2025-11-26","1881.53","3","Primrose","105000","Villa","New","2024-11-28","C018B",""
"7ffa40fe780252c600a943d65340f5b0","rent","2026-04-01","2024-11-23","2025-12-22","3256.30","3","Primrose","123000","Villa","New","2024-11-27","C184B",""
"166a5a970eb78f32302a050090acb2bc","rent","2026-04-01","2024-12-01","2025-11-30","1881.53","3","Primrose","74750","Villa","Renewed","2024-11-26","C318B",""
"6d47f3b0377772dd5b6e3539482f3dae","rent","2026-04-01","2024-11-15","2025-11-14","1901.12","3","Primrose","95000","Villa","Renewed","2024-11-25","C055B",""
"7fa74824a1d5d823ba4745ba0850fc2b","rent","2026-04-01","2024-11-26","2025-11-25","1881.53","3","Primrose","120000","Villa","New","2024-11-25","C207B",""
"2fc77044483f1cac768067097ee65e7a","rent","2026-04-01","2024-11-18","2025-11-17","1881.53","3","Primrose","140000","Villa","New","2024-11-24","C328B",""
"66945b8ca47ef25e8aaab1066c4b7629","rent","2026-04-01","2024-10-20","2025-10-19","1881.53","3","Primrose","84700","Villa","Renewed","2024-11-22","C188B",""
"b76b40af6683d4c61fff12dd26fffa69","rent","2026-04-01","2024-11-01","2025-11-02","1881.53","3","Primrose","80000","Villa","New","2024-11-22","C273B",""
"03861c127443b44f41c4f1cd1c8ed0f6","rent","2026-04-01","2024-08-10","2025-08-09","1881.53","3","Primrose","80000","Villa","Renewed","2024-11-21","C178B",""
"7ad08112993deda612bd31bfbb9cb42a","rent","2026-04-01","2024-11-15","2025-11-14","1911.88","3","Primrose","77100","Villa","Renewed","2024-11-21","C079B",""
"9013d2116d319ecab1b8fae210e3bb8e","rent","2026-04-01","2024-12-19","2025-04-30","1881.53","3","Primrose","43726","Villa","Renewed","2024-11-18","C110B",""
"15e584e3da2926ad5123f2a4cdacd732","rent","2026-04-01","2024-11-15","2025-11-14","1881.53","3","Primrose","120000","Villa","New","2024-11-09","C221B",""
"44f181ca9d00602d01e842cf7f3dfca1","rent","2026-04-01","2024-09-19","2025-09-18","1881.53","3","Primrose","84000","Villa","Renewed","2024-11-05","C029B",""
"33dd148e0ccbd0df4ebf9975f78843ee","rent","2026-04-01","2024-10-24","2025-10-23","1881.53","3","Primrose","80000","Villa","New","2024-10-31","C323B",""
"27577ceac76b6568a954ec18fdededd3","rent","2026-04-01","2024-11-01","2025-10-31","1881.53","3","Primrose","80000","Villa","New","2024-10-27","C273B",""
"0225d50fbda420b8ad492b3619568779","rent","2026-04-01","2024-09-16","2025-09-15","1909.09","3","Primrose","79350","Villa","Renewed","2024-10-23","C352B",""
"6316e85a22eddacd71154db9c24a8d86","rent","2026-04-01","2024-09-15","2025-09-14","3225.08","3","Primrose","82500","Villa","Renewed","2024-10-18","C169B",""
"d1251b139871b1552c7388f075970bf2","rent","2026-04-01","2024-10-20","2025-10-19","1940.30","3","Primrose","84000","Villa","Renewed","2024-10-15","C058B",""
"358356970c5eba7ce811ac398b130781","rent","2026-04-01","2024-10-01","2025-09-30","1881.53","3","Primrose","110000","Villa","New","2024-10-14","C233B",""
"90598e8ee1360be5b63029b0fb35925f","rent","2026-04-01","2024-11-01","2025-10-31","1940.41","3","Primrose","70000","Villa","Renewed","2024-10-08","C070B",""
"5b23a74b4a3a8733ef030b1e62c72178","rent","2026-04-01","2024-10-16","2025-10-15","1881.53","3","Primrose","90300","Villa","Renewed","2024-10-07","C112B",""
"9b6c2b4cba9c89c7d6e2b02e68901186","rent","2026-04-01","2024-10-15","2025-10-14","1881.53","3","Primrose","115000","Villa","New","2024-10-07","C091B",""
"b9121148b9315d2835aa0ca209e14109","rent","2026-04-01","2024-10-15","2025-10-14","1881.53","3","Primrose","125000","Villa","New","2024-10-02","C304B",""
"762874d9131c3f2ee5d473389c438a65","rent","2026-04-01","2024-09-16","2025-09-15","1881.53","3","Primrose","100000","Villa","New","2024-09-26","C252B",""
"f20bdb3166f5505ac95d40e79751134b","rent","2026-04-01","2024-09-27","2025-09-26","1881.53","3","Primrose","105000","Villa","New","2024-09-25","C025B",""
"8cc533c0e72924eacf068800500c2fd5","rent","2026-04-01","2024-09-20","2025-09-19","1881.53","3","Primrose","85000","Villa","Renewed","2024-09-23","C105B",""
"5cd9d266d1436026c9572460f7fe1576","rent","2026-04-01","2024-09-15","2025-09-14","1881.74","3","Primrose","77000","Villa","Renewed","2024-09-20","C082B",""
"afde313cb007e297c0ca720740d756eb","rent","2026-04-01","2024-09-01","2025-05-26","1881.53","3","Primrose","66196","Villa","New","2024-09-15","C197B",""
"aa5a1adafe6b2ab8586a25143320c79a","rent","2026-04-01","2024-10-01","2025-09-30","1881.53","3","Primrose","110000","Villa","New","2024-09-13","C177B",""
"e2b4bf981634216a95cb1ce134232ced","rent","2026-04-01","2024-09-01","2025-08-31","1881.53","3","Primrose","95000","Villa","New","2024-09-10","C104B",""
"f617d68c9a4e2aa9d37d34f740811672","rent","2026-04-01","2024-08-15","2025-08-14","2822.62","3","Primrose","83000","Villa","Renewed","2024-09-06","C229B",""
"b491aa6fc72786af3345d07396f11248","rent","2026-04-01","2024-09-10","2025-09-09","2423.49","3","Primrose","120000","Villa","New","2024-09-04","C261B",""
"6d49472b89f99fafe734c98435188e5b","rent","2026-04-01","2024-08-30","2025-08-29","1881.53","3","Primrose","100000","Villa","New","2024-08-30","C161B",""
"28ab555c16ed22ac4cb36cdb7c23698b","rent","2026-04-01","2024-09-10","2025-09-09","1881.53","3","Primrose","70725","Villa","Renewed","2024-08-29","C307B",""
"e0890990e03365a49e1d51a0c8dd4950","rent","2026-04-01","2024-09-01","2025-08-31","1881.53","3","Primrose","105000","Villa","New","2024-08-26","C109B",""
"6bbc5c97a0d4c35e0364d580482605db","rent","2026-04-01","2023-12-19","2024-12-18","1881.53","3","Primrose","75000","Villa","New","2024-08-24","C110B",""
"800389746ca8e457139e8e9937d66a4c","rent","2026-04-01","2023-08-16","2024-08-15","1881.53","3","Primrose","72000","Villa","Renewed","2024-08-19","C216B",""
"19e27183b464f6fc230cced458719b22","rent","2026-04-01","2024-08-15","2025-08-14","1881.64","3","Primrose","110000","Villa","New","2024-08-14","C081B",""
"5ea3ec88ed9fee6114795008a2fdb21a","rent","2026-04-01","2024-08-15","2025-08-14","1881.53","3","Primrose","90000","Villa","New","2024-08-13","C264B",""
"791c6a9fe29a324f9c4385b8df8aecba","rent","2026-04-01","2024-08-20","2025-08-19","1881.53","3","Primrose","110000","Villa","New","2024-08-13","C335B",""
"a46ff4c270985e523bbfe8751e5f8f3c","rent","2026-04-01","2024-06-30","2025-06-29","1881.53","3","Primrose","72450","Villa","Renewed","2024-08-07","C121B",""
"2bf5c66c15a73db21cff0afff24b542b","rent","2026-04-01","2024-08-05","2025-08-04","1881.53","3","Primrose","110000","Villa","New","2024-08-05","C122B",""
"60531f27c45abe405c4917005fdc6ec3","rent","2026-04-01","2024-07-31","2025-07-30","1881.53","3","Primrose","94500","Villa","Renewed","2024-08-05","C219B",""
"c0940a5f7175584c318f2e1c9ac1c834","rent","2026-04-01","2024-07-31","2025-07-30","1881.53","3","Primrose","71000","Villa","New","2024-08-05","C013B",""
"bfe9f678ba420e020d4fd1d2d895bda6","rent","2026-04-01","2024-08-05","2025-08-04","1940.19","3","Primrose","125000","Villa","New","2024-08-04","C074B",""
"cf534a4cf4a13a6c76fd2274adfd6a5a","rent","2026-04-01","2024-08-05","2025-08-04","1881.53","3","Primrose","126000","Villa","New","2024-08-01","C329B",""
"44b9fa860f40cb571049f7d6daab7e4d","rent","2026-04-01","2024-08-01","2025-07-31","1881.53","3","Primrose","69000","Villa","Renewed","2024-07-31","C310B",""
"29ca968b954eb277bf43ebc2a3df88bd","rent","2026-04-01","2024-07-23","2025-07-22","1881.53","3","Primrose","125000","Villa","New","2024-07-29","C095B",""
"51fe5d5c0c62ceb7e07e9ddf4e6e4558","rent","2026-04-01","2024-08-01","2025-07-31","1881.53","3","Primrose","120000","Villa","New","2024-07-29","C179B",""
"8fa657353baf68e00abe8549bf2486a7","rent","2026-04-01","2024-07-28","2025-07-27","1881.53","3","Primrose","97000","Villa","New","2024-07-29","C099B",""
"89936e4b6e62cebbe89186b7ed9c40b8","rent","2026-04-01","2024-02-08","2025-02-07","2295.51","3","Primrose","70000","Villa","New","2024-07-23","C244B",""
"a6a82090b960fbf49834a7dcfbc1d4e0","rent","2026-04-01","2024-08-07","2025-08-06","1881.53","3","Primrose","90000","Villa","Renewed","2024-07-23","C342B",""
"09a2763bf6806e87506dca03058d81e0","rent","2026-04-01","2024-07-11","2025-07-10","1881.53","3","Primrose","69750","Villa","Renewed","2024-07-16","C160B",""
"d835cba74bef3e99f66bd13481fd5d43","rent","2026-04-01","2024-07-26","2025-07-25","1881.53","3","Primrose","69750","Villa","Renewed","2024-07-16","C249B",""
"6aab5ce453059c738718ef0f6bb7c5dc","rent","2026-04-01","2024-08-01","2025-07-31","1881.53","3","Primrose","77000","Villa","New","2024-07-15","C181B",""
"79e775d474f98ab8948fcd0c0b7842e9","rent","2026-04-01","2024-07-15","2025-07-14","1940.41","3","Primrose","87000","Villa","New","2024-07-15","C050B",""
