reference_number,id,url,purpose,title,description,location,price,currency,price_per,furnished,amenities,details,agent_name,number_of_photos,breadcrumb,property_image_urls,property_type
Bayut - ID105581643,105581643,https://www.bayut.bh/en/property/details-105581643.html,For Rent,"Commercial Space For Rent in Riffa, Southern Governorate","Welcome to this commercial space available for rent in the vibrant area of Riffa, located in the Southern Governorate. This property presents a unique opportunity for businesses looking to establish or expand their presence in one of Bahrain's growing districts. Key Features: - Area: 50 Square Meters, providing ample space for various business setups. - Amenities include: - Floor: A solid flooring option that is ideal for retail or office space. - Central Air Conditioning: Ensures a comfortable environment for both staff and customers. - Storage Areas: Added convenience for managing inventory or equipment. - Rental Price: 450 BHD per month, making it an attractive option for those seeking a cost-effective location. This space is suitable for a variety of commercial activities, from retail stores to offices. Its prime location in Riffa ensures good visibility and accessibility, increasing foot traffic potential for your business. The area is well-connected, making it easy for customers and employees to reach the property. Whether you are looking to start a new venture or move your existing business, this commercial space offers the foundation you need to thrive in today's competitive market. Don’t miss out on securing this strategic location for your business. Schedule a viewing today and take the first step towards making this space a central part of your business journey!","Riffa, Southern Governorate",450,BHD,Monthly,Unfurnished,"Floor, Centrally Air-Conditioned, Storage Areas",50 Sq. M.,Waddah Abdelrahman,,For Rent > : > Southern Governorate Other Commercial > Riffa > Bayut - ID105581643,https://images.bayut.bh/thumbnails/166424-800x600.webp|https://images.bayut.bh/thumbnails/166425-400x300.webp|https://images.bayut.bh/thumbnails/166426-400x300.webp|https://images.bayut.bh/thumbnails/166427-400x300.webp|https://images.bayut.bh/thumbnails/166424-800x600.webp|https://images.bayut.bh/thumbnails/166425-800x600.webp|https://images.bayut.bh/thumbnails/166426-800x600.webp|https://images.bayut.bh/thumbnails/166427-800x600.webp|https://images.bayut.bh/thumbnails/166428-800x600.webp|https://images.bayut.bh/thumbnails/166429-800x600.webp|https://images.bayut.bh/thumbnails/166430-800x600.webp|https://images.bayut.bh/thumbnails/166431-800x600.webp|https://images.bayut.bh/thumbnails/166432-800x600.webp|https://images.bayut.bh/thumbnails/166433-800x600.webp|https://images.bayut.bh/thumbnails/166434-800x600.webp|https://images.bayut.bh/thumbnails/166435-800x600.webp|https://images.bayut.bh/thumbnails/166436-800x600.webp|https://images.bayut.bh/thumbnails/166437-800x600.webp|https://images.bayut.bh/thumbnails/95686-400x300.webp|https://images.bayut.bh/thumbnails/142088-400x300.webp|https://images.bayut.bh/thumbnails/97429-400x300.webp,Other Commercial
Bayut - ID105207693,105207693,https://www.bayut.bh/en/property/details-105207693.html,For Rent,"Commercial Property for Rent in Manama, Capital Governorate","Discover a remarkable opportunity to rent a commercial property located in the vibrant area of Manama, Capital Governorate. This property spans an area of 10 square meters and comes fully furnished, making it ideal for businesses looking to establish themselves in one of Bahrain's bustling locales. Key Features and Amenities: - Furnished: The property is equipped with essential furnishings to facilitate a smooth transition for your business. - Floor: The property features a well-maintained floor, ensuring a professional ambiance for your clients and staff. - Covered Parking: Ample covered parking spaces are available, providing convenience for your employees and customers. - Security Staff: Benefit from the presence of security staff, ensuring safety and peace of mind for all occupants. - Central Air Conditioning: Stay comfortable year-round with a central air conditioning system in place. - Storage Areas: Additional storage areas are available, allowing you to keep your business organized and efficient. This commercial property offers an excellent location for various business ventures, from retail shops to office spaces. The surrounding area is known for its dynamic atmosphere and accessibility, making it an attractive option for both entrepreneurs and established businesses. As you consider this property, imagine the potential for success in a place that is always bustling with activity. Don’t miss out on this fantastic opportunity to secure a commercial space in the heart of Manama. Contact us today to schedule a viewing and take the first step towards establishing your business in this prime location.","Manama, Capital Governorate",59,BHD,Monthly,Furnished,"Floor, Covered parking, Security Staff, Centrally Air-Conditioned, Floor, Covered parking, Security Staff, Centrally Air-Conditioned, Storage Areas",10 Sq. M.,Rabab,,For Rent > : > Capital Governorate Other Commercial > Manama > Bayut - ID105207693,https://images.bayut.bh/thumbnails/172278-800x600.webp|https://images.bayut.bh/thumbnails/172279-400x300.webp|https://images.bayut.bh/thumbnails/172280-400x300.webp|https://images.bayut.bh/thumbnails/172278-800x600.webp|https://images.bayut.bh/thumbnails/172279-800x600.webp|https://images.bayut.bh/thumbnails/172280-800x600.webp|https://images.bayut.bh/thumbnails/172281-400x300.webp|https://images.bayut.bh/thumbnails/156848-400x300.webp|https://images.bayut.bh/thumbnails/172295-400x300.webp,Other Commercial
Bayut - ID105547394,105547394,https://www.bayut.bh/en/property/details-105547394.html,For Rent,Commercial Space For Rent in Muharraq Governorate,"Discover a remarkable opportunity to secure a commercial space in the heart of Muharraq. This property spans an impressive 10 square meters, providing ample space for your business needs. Conveniently located, this rental is ideal for various commercial ventures, whether you're looking to establish a shop, an office, or a service center. Key Features: - Area: 10 Square Meters - Property Type: Commercial Space - Monthly Rent: BHD 699 - Furnished: No - Security: On-site security staff for your safety - Climate Control: Central air conditioning to ensure a comfortable environment - Additional Amenities: Includes storage areas for your convenience and covered parking for easy access. The floor plan is versatile, allowing for a variety of layouts that can accommodate your specific requirements. The presence of covered parking allows your clients and employees to easily access the property without the hassle of finding street parking. Additionally, the space benefits from having a dedicated security team, ensuring a safe environment for your business operations. Central air conditioning makes it conducive for both customers and staff, keeping everyone comfortable throughout the day. This commercial space in Muharraq is not only practical but also strategically positioned to attract foot traffic, offering an excellent opportunity for growth and visibility. With the robust infrastructure of Muharraq, your venture is poised to thrive. Seize this incredible opportunity to elevate your business by renting this prime commercial space today. Schedule a visit and explore the potential this property holds for your business endeavors.","Hoora, Capital Governorate",66,BHD,Monthly,Unfurnished,"Floor, Covered parking, Security Staff, Centrally Air-Conditioned, Floor, Covered parking, Security Staff, Centrally Air-Conditioned, Storage Areas",10 Sq. M.,Saleh El Azzab,,For Rent > : > Capital Governorate Other Commercial > Hoora > Bayut - ID105547394,https://images.bayut.bh/thumbnails/155944-800x600.webp|https://images.bayut.bh/thumbnails/155944-800x600.webp|https://images.bayut.bh/thumbnails/95686-400x300.webp|https://images.bayut.bh/thumbnails/142088-400x300.webp|https://images.bayut.bh/thumbnails/97429-400x300.webp,Other Commercial
Bayut - ID105251331,105251331,https://www.bayut.bh/en/property/details-105251331.html,For Rent,"0 Bedrooms Other Commercial For Rent Manama, Capital Governorate","Discover this unique opportunity to rent an other commercial space in the vibrant city of Manama, located in the Capital Governorate. This property offers a total area of 10 square meters, making it ideal for various business needs or as a workspace. Key Features: - Area: 10 square meters - Furnished: Yes - Location: Situated in the bustling area of Manama, providing high visibility and accessibility. - Amenities: Well-maintained flooring that enhances the overall appearance of the space. This commercial space is designed for flexibility, allowing it to cater to different types of business operations. Whether you are looking for a small office, a retail outlet, or a creative studio, this space gives you the freedom to customize it to meet your requirements. The rental cost is competitively priced at 66 BHD per month, making it an affordable option for entrepreneurs and small businesses looking to establish themselves in a prime location. Don’t miss this chance to secure your space in one of the most dynamic areas of Bahrain. Reach out today for inquiries or to schedule a viewing. Take the first step towards your business success in Manama!","Manama, Capital Governorate",66,BHD,Monthly,Furnished,Floor,10 Sq. M.,Nameer,,For Rent > : > Capital Governorate Other Commercial > Manama > Bayut - ID105251331,https://images.bayut.bh/thumbnails/172295-800x600.webp|https://images.bayut.bh/thumbnails/172298-400x300.webp|https://images.bayut.bh/thumbnails/172296-400x300.webp|https://images.bayut.bh/thumbnails/172297-400x300.webp|https://images.bayut.bh/thumbnails/172295-800x600.webp|https://images.bayut.bh/thumbnails/172298-800x600.webp|https://images.bayut.bh/thumbnails/172296-800x600.webp|https://images.bayut.bh/thumbnails/172297-800x600.webp|https://images.bayut.bh/thumbnails/172281-400x300.webp|https://images.bayut.bh/thumbnails/156848-400x300.webp|https://images.bayut.bh/thumbnails/172299-400x300.webp,Other Commercial
Bayut - ID105596128,105596128,https://www.bayut.bh/en/property/details-105596128.html,For Rent,"0 Bedroom Other Commercial For Rent Manama, Capital Governorate","Discover a fantastic opportunity in the heart of Manama, Capital Governorate with this highly desirable commercial space. This property is available for rent and is a perfect fit for various business needs. Whether you are looking to establish a retail outlet, office space, or other commercial endeavors, this property meets diverse requirements. Key features include: - Area: 10 Square Meters - Furnished for immediate use - Central Air Conditioning ensuring comfort - Floor for easy maintenance and aesthetic appeal - Security Staff available for peace of mind - Ample Storage Areas to accommodate your business needs The location in Manama is strategic, with easy access to main roads, public transport, and all essential amenities. This property provides a vibrant environment conducive to business growth. Whether you are a startup or an established business, this commercial space offers flexibility to cater to your unique requirements. Take advantage of this opportunity and contact us today for more information or to schedule a viewing. Don't miss out on the chance to secure space in a prime location!","Manama, Capital Governorate",93,BHD,Monthly,Furnished,"Floor, Security Staff, Centrally Air-Conditioned, Storage Areas",10 Sq. M.,Regus Bahrain,,For Rent > : > Capital Governorate Other Commercial > Manama > Bayut - ID105596128,https://images.bayut.bh/thumbnails/170763-800x600.webp|https://images.bayut.bh/thumbnails/170764-400x300.webp|https://images.bayut.bh/thumbnails/170765-400x300.webp|https://images.bayut.bh/thumbnails/170766-400x300.webp|https://images.bayut.bh/thumbnails/170763-800x600.webp|https://images.bayut.bh/thumbnails/170764-800x600.webp|https://images.bayut.bh/thumbnails/170765-800x600.webp|https://images.bayut.bh/thumbnails/170766-800x600.webp|https://images.bayut.bh/thumbnails/170767-800x600.webp|https://images.bayut.bh/thumbnails/170768-800x600.webp|https://images.bayut.bh/thumbnails/170769-800x600.webp|https://images.bayut.bh/thumbnails/170770-800x600.webp|https://images.bayut.bh/thumbnails/170771-800x600.webp|https://images.bayut.bh/thumbnails/172281-400x300.webp|https://images.bayut.bh/thumbnails/156848-400x300.webp|https://images.bayut.bh/thumbnails/172299-400x300.webp|https://images.bayut.bh/thumbnails/83743-240x180.webp,Other Commercial
Bayut - ID105596123,105596123,https://www.bayut.bh/en/property/details-105596123.html,For Rent,"Commercial Space for Rent in Manama, Capital Governorate","Discover this exceptional commercial space available for rent in Manama, located in the Capital Governorate. This property offers a prime opportunity for businesses seeking to establish or expand their presence in a vibrant area. With a total area of 10 square meters, this space is designed to meet various commercial needs. Key Features: - Total Area: 10 Square Meters - Furnished for immediate use - Essential amenities included: - Floor: Well-maintained flooring suitable for various business types - Security Staff: 24/7 security for peace of mind - Central Air Conditioning: Ensures a comfortable environment throughout the year - Storage Areas: Adequate storage solutions available to help manage your inventory effectively The location in Manama stands out due to its accessibility and proximity to key commercial hubs. This makes it an ideal space for retailers, service providers, or any business looking to attract customers in a bustling area. The existing furniture allows for a quick setup, minimizing downtime for your business operations. Don't miss out on this opportunity to secure a rental space that combines functionality with a strategic location. Contact us today to schedule a viewing and take the first step towards establishing your business in Manama. Act now to seize this chance while it's still available.","Manama, Capital Governorate",93,BHD,Monthly,Furnished,"Floor, Security Staff, Centrally Air-Conditioned, Storage Areas",10 Sq. M.,Regus Bahrain,,For Rent > : > Capital Governorate Other Commercial > Manama > Bayut - ID105596123,https://images.bayut.bh/thumbnails/170754-800x600.webp|https://images.bayut.bh/thumbnails/170755-400x300.webp|https://images.bayut.bh/thumbnails/170756-400x300.webp|https://images.bayut.bh/thumbnails/170757-400x300.webp|https://images.bayut.bh/thumbnails/170754-800x600.webp|https://images.bayut.bh/thumbnails/170755-800x600.webp|https://images.bayut.bh/thumbnails/170756-800x600.webp|https://images.bayut.bh/thumbnails/170757-800x600.webp|https://images.bayut.bh/thumbnails/170758-800x600.webp|https://images.bayut.bh/thumbnails/170759-800x600.webp|https://images.bayut.bh/thumbnails/170760-800x600.webp|https://images.bayut.bh/thumbnails/170761-800x600.webp|https://images.bayut.bh/thumbnails/170762-800x600.webp|https://images.bayut.bh/thumbnails/177566-400x300.webp|https://images.bayut.bh/thumbnails/107373-400x300.webp|https://images.bayut.bh/thumbnails/107376-400x300.webp|https://images.bayut.bh/thumbnails/83743-240x180.webp,Other Commercial
Bayut - ID101281421,101281421,https://www.bayut.bh/en/property/details-101281421.html,For Rent,"Other Commercial For Rent Seef, Capital Governorate","This commercial property in Seef, Capital Governorate, is now available for rent. With a total area of 121 square meters, this property offers a great opportunity for businesses looking to establish a presence in a prime location. Key features of this property include covered parking, security staff, and central air conditioning. Don't miss out on this excellent rental opportunity in the heart of the city.","Seef, Capital Governorate",400,BHD,Monthly,Unfurnished,"Covered parking, Security Staff, Centrally Air-Conditioned, Storage Areas",121 Sq. M.,Aiman Ali,,For Rent > : > Capital Governorate Other Commercial > Seef > Bayut - ID101281421,https://images.bayut.bh/thumbnails/100539-800x600.webp|https://images.bayut.bh/thumbnails/100540-400x300.webp|https://images.bayut.bh/thumbnails/100541-400x300.webp|https://images.bayut.bh/thumbnails/100542-400x300.webp|https://images.bayut.bh/thumbnails/100539-800x600.webp|https://images.bayut.bh/thumbnails/100540-800x600.webp|https://images.bayut.bh/thumbnails/100541-800x600.webp|https://images.bayut.bh/thumbnails/100542-800x600.webp|https://images.bayut.bh/thumbnails/100543-800x600.webp|https://images.bayut.bh/thumbnails/100544-800x600.webp|https://images.bayut.bh/thumbnails/100545-800x600.webp|https://images.bayut.bh/thumbnails/167077-400x300.webp|https://images.bayut.bh/thumbnails/99812-400x300.webp|https://images.bayut.bh/thumbnails/103476-400x300.webp,Other Commercial
Bayut - ID102184143,102184143,https://www.bayut.bh/en/property/details-102184143.html,For Rent,Studio Other Commercial For Rent Sitra - Southern Governorate,"Welcome to this studio property located in the heart of Sitra, Southern Governorate. This commercial space is available for rent on a monthly basis. With an area of 85 Square Meters, this property offers a blank canvas for your business needs. Take advantage of the prime location and customize the space to fit your requirements. Contact us today to schedule a viewing and secure this commercial space for your business.","Sitra, Southern Governorate",280,BHD,Monthly,Unfurnished,,85 Sq. M.,Ali,,For Rent > : > Southern Governorate Other Commercial > Sitra > Bayut - ID102184143,https://images.bayut.bh/thumbnails/95686-800x600.webp|https://images.bayut.bh/thumbnails/95686-800x600.webp|https://images.bayut.bh/thumbnails/167077-400x300.webp|https://images.bayut.bh/thumbnails/99812-400x300.webp|https://images.bayut.bh/thumbnails/103476-400x300.webp,Other Commercial
Bayut - ID104140997,104140997,https://www.bayut.bh/en/property/details-104140997.html,For Rent,"Other Commercial For Rent Manama, Capital Governorate","Experience this unique Other Commercial property located in the heart of Manama, Capital Governorate. This property offers a floor area of 10 square meters and comes with essential amenities such as Security Staff and Central Air Conditioning. Ideal for a variety of businesses, this space is fully furnished and ready for immediate occupation. Don't miss this opportunity to establish your presence in a prime location in Manama.","Manama, Capital Governorate",112,BHD,Monthly,Furnished,"Floor, Security Staff, Centrally Air-Conditioned, Storage Areas",10 Sq. M.,Regus Bahrain,,For Rent > : > Capital Governorate Other Commercial > Manama > Bayut - ID104140997,https://images.bayut.bh/thumbnails/103476-800x600.webp|https://images.bayut.bh/thumbnails/103477-400x300.webp|https://images.bayut.bh/thumbnails/103478-400x300.webp|https://images.bayut.bh/thumbnails/103479-400x300.webp|https://images.bayut.bh/thumbnails/103476-800x600.webp|https://images.bayut.bh/thumbnails/103477-800x600.webp|https://images.bayut.bh/thumbnails/103478-800x600.webp|https://images.bayut.bh/thumbnails/103479-800x600.webp|https://images.bayut.bh/thumbnails/103480-800x600.webp|https://images.bayut.bh/thumbnails/103481-800x600.webp|https://images.bayut.bh/thumbnails/103482-800x600.webp|https://images.bayut.bh/thumbnails/103483-800x600.webp|https://images.bayut.bh/thumbnails/103484-800x600.webp|https://images.bayut.bh/thumbnails/103485-800x600.webp|https://images.bayut.bh/thumbnails/167077-400x300.webp|https://images.bayut.bh/thumbnails/99812-400x300.webp|https://images.bayut.bh/thumbnails/95047-400x300.webp|https://images.bayut.bh/thumbnails/83743-240x180.webp,Other Commercial
Bayut - ID105490732,105490732,https://www.bayut.bh/en/property/details-105490732.html,For Rent,"Studio Other Commercial For Rent Riffa, Southern Governorate","Introducing a studio available for rent in the vibrant city of Riffa, located in the Southern Governorate of Bahrain. This cozy space is perfect for a small business venture or office setup. The property covers an area of 56 square meters and comes with essential amenities like a floor. Don't miss out on this opportunity to establish your business in a bustling area like Riffa.","Riffa, Southern Governorate",250,BHD,Monthly,Unfurnished,Floor,91 Sq. M.,User 7735IK,,For Rent > : > Southern Governorate Other Commercial > Riffa > Bayut - ID105490732,https://images.bayut.bh/thumbnails/142088-800x600.webp|https://images.bayut.bh/thumbnails/164814-400x300.webp|https://images.bayut.bh/thumbnails/164815-400x300.webp|https://images.bayut.bh/thumbnails/171647-400x300.webp|https://images.bayut.bh/thumbnails/142088-800x600.webp|https://images.bayut.bh/thumbnails/164814-800x600.webp|https://images.bayut.bh/thumbnails/164815-800x600.webp|https://images.bayut.bh/thumbnails/171647-800x600.webp|https://images.bayut.bh/thumbnails/171648-800x600.webp|https://images.bayut.bh/thumbnails/171649-800x600.webp|https://images.bayut.bh/thumbnails/171650-800x600.webp|https://images.bayut.bh/thumbnails/99812-400x300.webp|https://images.bayut.bh/thumbnails/95047-400x300.webp|https://images.bayut.bh/thumbnails/91090-400x300.webp,Other Commercial
Bayut - ID105619462,105619462,https://www.bayut.bh/en/property/details-105619462.html,For Rent,"Commercial Property for Rent in Seef, Capital Governorate","Welcome to this commercial property available for rent in the Seef area of the Capital Governorate. This versatile space is suitable for various business activities and offers an ample area of 82 square meters, providing you with the room to establish your operations. Key Features: - Total Area: 82 Square Meters - Location: Seef, Capital Governorate - Monthly Rent: 500 BHD - Property Type: Other Commercial - Covered Parking: Yes - Central Air Conditioning: Yes This property features covered parking facilities, ensuring that you and your clients have convenient access at all times. The central air conditioning system provides a comfortable environment throughout the year, allowing you to focus on your business without worrying about temperature control. The Seef area is known for its vibrant atmosphere and is an ideal location for businesses looking to attract clientele. With its mix of commercial activities and residential communities, your business stands to benefit from high foot traffic and visibility. Don't miss the opportunity to set up your business in a prime location. Contact us today to schedule a viewing and take the first step towards establishing your presence in Seef. Take action now and make this commercial space the new home for your business endeavors.","Seef, Capital Governorate",500,BHD,Monthly,Unfurnished,"Covered parking, Centrally Air-Conditioned",82 Sq. M.,Myspace Real Estate & Consulting,,For Rent > : > Capital Governorate Other Commercial > Seef > Bayut - ID105619462,https://images.bayut.bh/thumbnails/177593-800x600.webp|https://images.bayut.bh/thumbnails/177594-400x300.webp|https://images.bayut.bh/thumbnails/177595-400x300.webp|https://images.bayut.bh/thumbnails/177596-400x300.webp|https://images.bayut.bh/thumbnails/177593-800x600.webp|https://images.bayut.bh/thumbnails/177594-800x600.webp|https://images.bayut.bh/thumbnails/177595-800x600.webp|https://images.bayut.bh/thumbnails/177596-800x600.webp|https://images.bayut.bh/thumbnails/177597-800x600.webp|https://images.bayut.bh/thumbnails/99812-400x300.webp|https://images.bayut.bh/thumbnails/95047-400x300.webp|https://images.bayut.bh/thumbnails/91090-400x300.webp|https://images.bayut.bh/thumbnails/156514-240x180.webp,Other Commercial
Bayut - ID105396597,105396597,https://www.bayut.bh/en/property/details-105396597.html,For Rent,Other Commercial For Rent Manama - Capital Governorate,"This commercial property in Manama, Capital Governorate, is now available for rent. With a total area of 12 square meters, this space is ideal for various business ventures. The property comes with amenities such as security staff and central air conditioning, providing a comfortable working environment. Don't miss out on this opportunity to establish your business in a prime location! Contact us today for more information.","Manama, Capital Governorate",69,BHD,Monthly,Furnished,"Floor, Security Staff, Centrally Air-Conditioned, Storage Areas",12 Sq. M.,Elazzab Group _Jen,,For Rent > : > Capital Governorate Other Commercial > Manama > Bayut - ID105396597,https://images.bayut.bh/thumbnails/167077-800x600.webp|https://images.bayut.bh/thumbnails/167078-400x300.webp|https://images.bayut.bh/thumbnails/167079-400x300.webp|https://images.bayut.bh/thumbnails/167077-800x600.webp|https://images.bayut.bh/thumbnails/167078-800x600.webp|https://images.bayut.bh/thumbnails/167079-800x600.webp|https://images.bayut.bh/thumbnails/99812-400x300.webp|https://images.bayut.bh/thumbnails/95047-400x300.webp|https://images.bayut.bh/thumbnails/91090-400x300.webp,Other Commercial
Bayut - ID105556867,105556867,https://www.bayut.bh/en/property/details-105556867.html,For Rent,"Commercial Property for Rent in Seef, Capital Governorate","Discover this remarkable commercial property available for rent in the highly sought-after Seef area of Capital Governorate. This space spans a generous 650 square meters, making it ideal for various business ventures. The property comes fully furnished, providing an immediate and hassle-free setup for your business operations. Key features of this commercial space include: - **Floor:** The property offers a well-structured floor plan suitable for a multitude of business needs. - **Covered Parking:** Ample covered parking is available, ensuring convenience for your staff and clients. - **Security Staff:** You can have peace of mind with dedicated security staff on site to oversee safety and security. - **Central Air Conditioning:** The installation of central air conditioning guarantees a comfortable working environment, regardless of the temperature outside. - **Storage Areas:** The presence of storage areas makes it easy to keep your business organized and efficient. This property is strategically located in Seef, a thriving area known for its vibrant business culture, close to major roads, shopping centers, and entertainment venues, making it an excellent choice for attracting customers. Don't miss this opportunity to secure a prime commercial space that meets your business needs. Contact us today to arrange a viewing and discover how this property can benefit your business.","Seef, Capital Governorate","3,000",BHD,Monthly,Furnished,"Floor, Covered parking, Security Staff, Centrally Air-Conditioned, Floor, Covered parking, Security Staff, Centrally Air-Conditioned, Storage Areas",650 Sq. M.,L&G L&G,,For Rent > : > Capital Governorate Other Commercial > Seef > Bayut - ID105556867,https://images.bayut.bh/thumbnails/159216-800x600.webp|https://images.bayut.bh/thumbnails/159217-400x300.webp|https://images.bayut.bh/thumbnails/159218-400x300.webp|https://images.bayut.bh/thumbnails/159219-400x300.webp|https://images.bayut.bh/thumbnails/159216-800x600.webp|https://images.bayut.bh/thumbnails/159217-800x600.webp|https://images.bayut.bh/thumbnails/159218-800x600.webp|https://images.bayut.bh/thumbnails/159219-800x600.webp|https://images.bayut.bh/thumbnails/159220-800x600.webp|https://images.bayut.bh/thumbnails/159221-800x600.webp|https://images.bayut.bh/thumbnails/159222-800x600.webp|https://images.bayut.bh/thumbnails/159223-800x600.webp|https://images.bayut.bh/thumbnails/159224-800x600.webp|https://images.bayut.bh/thumbnails/159225-800x600.webp|https://images.bayut.bh/thumbnails/159226-800x600.webp|https://images.bayut.bh/thumbnails/159227-800x600.webp|https://images.bayut.bh/thumbnails/159228-800x600.webp|https://images.bayut.bh/thumbnails/159229-800x600.webp|https://images.bayut.bh/thumbnails/159230-800x600.webp|https://images.bayut.bh/thumbnails/159231-800x600.webp|https://images.bayut.bh/thumbnails/159232-800x600.webp|https://images.bayut.bh/thumbnails/159233-800x600.webp|https://images.bayut.bh/thumbnails/159234-800x600.webp|https://images.bayut.bh/thumbnails/159236-800x600.webp|https://images.bayut.bh/thumbnails/131349-400x300.webp|https://images.bayut.bh/thumbnails/133171-400x300.webp|https://images.bayut.bh/thumbnails/95047-400x300.webp,Other Commercial
Bayut - ID102912494,102912494,https://www.bayut.bh/en/property/details-102912494.html,For Rent,"Other Commercial For Rent Salmabad, Northern Governorate","Looking for a versatile commercial space in Salmabad, Northern Governorate? This property is perfect for your business needs. With an area of 110 square meters, this Other Commercial property is ideal for various business ventures. Don't miss out on this opportunity to establish your presence in a bustling commercial area. Contact us now for more details!","Sitra, Southern Governorate","1,575",BHD,Monthly,Furnished,"Floor, Security Staff, Storage Areas",525 Sq. M.,Shan,,For Rent > : > Southern Governorate Other Commercial > Sitra > Bayut - ID102912494,https://images.bayut.bh/thumbnails/165712-800x600.webp|https://images.bayut.bh/thumbnails/165713-400x300.webp|https://images.bayut.bh/thumbnails/165714-400x300.webp|https://images.bayut.bh/thumbnails/165715-400x300.webp|https://images.bayut.bh/thumbnails/165712-800x600.webp|https://images.bayut.bh/thumbnails/165713-800x600.webp|https://images.bayut.bh/thumbnails/165714-800x600.webp|https://images.bayut.bh/thumbnails/165715-800x600.webp|https://images.bayut.bh/thumbnails/165716-800x600.webp|https://images.bayut.bh/thumbnails/165717-800x600.webp|https://images.bayut.bh/thumbnails/165718-800x600.webp|https://images.bayut.bh/thumbnails/165719-800x600.webp|https://images.bayut.bh/thumbnails/165720-800x600.webp|https://images.bayut.bh/thumbnails/165721-800x600.webp|https://images.bayut.bh/thumbnails/165722-800x600.webp|https://images.bayut.bh/thumbnails/165723-800x600.webp|https://images.bayut.bh/thumbnails/165711-800x600.webp|https://images.bayut.bh/thumbnails/131349-400x300.webp|https://images.bayut.bh/thumbnails/133171-400x300.webp|https://images.bayut.bh/thumbnails/95047-400x300.webp,Other Commercial
Bayut - ID105460866,105460866,https://www.bayut.bh/en/property/details-105460866.html,For Rent,"Studio Other Commercial For Rent Hoora, Capital Governorate","Welcome to this fantastic studio in Hoora, located in the vibrant Capital Governorate. This versatile property is ideal for various commercial purposes. Some key features include: - Area: 110 Square Meters - Rental Frequency: Monthly - Amenities: Floor Don't miss out on this opportunity to rent a studio in a prime location. Contact us now for more information!","Hoora, Capital Governorate",160,BHD,Monthly,Unfurnished,Floor,110 Sq. M.,Adil,,For Rent > : > Capital Governorate Other Commercial > Hoora > Bayut - ID105460866,https://images.bayut.bh/thumbnails/131349-800x600.webp|https://images.bayut.bh/thumbnails/131351-400x300.webp|https://images.bayut.bh/thumbnails/131352-400x300.webp|https://images.bayut.bh/thumbnails/131353-400x300.webp|https://images.bayut.bh/thumbnails/131349-800x600.webp|https://images.bayut.bh/thumbnails/131351-800x600.webp|https://images.bayut.bh/thumbnails/131352-800x600.webp|https://images.bayut.bh/thumbnails/131353-800x600.webp|https://images.bayut.bh/thumbnails/131354-800x600.webp|https://images.bayut.bh/thumbnails/131355-800x600.webp|https://images.bayut.bh/thumbnails/131356-800x600.webp|https://images.bayut.bh/thumbnails/131357-800x600.webp|https://images.bayut.bh/thumbnails/97429-400x300.webp|https://images.bayut.bh/thumbnails/161075-400x300.webp|https://images.bayut.bh/thumbnails/89258-400x300.webp,Other Commercial
Bayut - ID105361800,105361800,https://www.bayut.bh/en/property/details-105361800.html,For Rent,Studio Apartment For Rent in Muharraq Governorate,Discover this studio apartment available for rent in a prime location in Muharraq Governorate. Ideal for those seeking a convenient and functional living space. The property offers the following features: - Studio apartment - Rental Frequency: Monthly - Area: 13 Square Meter - Unfurnished - Price: BHD 160 - City: Muharraq - Property Type: Other Commercial Don't miss out on this opportunity to rent a studio apartment in Muharraq Governorate. Contact us now to schedule a viewing!,"Muharraq, Muharraq Governorate",140,BHD,Monthly,Unfurnished,Floor,13 Sq. M.,Mohamed,,For Rent > : > Muharraq Governorate Other Commercial > Muharraq > Bayut - ID105361800,https://images.bayut.bh/thumbnails/91762-800x600.webp|https://images.bayut.bh/thumbnails/138085-400x300.webp|https://images.bayut.bh/thumbnails/138086-400x300.webp|https://images.bayut.bh/thumbnails/138087-400x300.webp|https://images.bayut.bh/thumbnails/91762-800x600.webp|https://images.bayut.bh/thumbnails/138085-800x600.webp|https://images.bayut.bh/thumbnails/138086-800x600.webp|https://images.bayut.bh/thumbnails/138087-800x600.webp|https://images.bayut.bh/thumbnails/138088-800x600.webp|https://images.bayut.bh/thumbnails/138089-800x600.webp|https://images.bayut.bh/thumbnails/138090-800x600.webp|https://images.bayut.bh/thumbnails/133171-400x300.webp|https://images.bayut.bh/thumbnails/95047-400x300.webp|https://images.bayut.bh/thumbnails/87602-400x300.webp,Other Commercial
Bayut - ID105459627,105459627,https://www.bayut.bh/en/property/details-105459627.html,For Rent,"Studio Other Commercial For Rent Manama, Capital Governorate","Located in the bustling city of Manama in the Capital Governorate, this studio property is available for rent on a monthly basis. The property offers essential amenities such as a floor, covered parking, security staff, central air conditioning, and storage areas. With a total area of 10 square meters, this furnished commercial space provides a convenient location for your business needs. Don't miss out on this opportunity to establish your presence in the heart of Bahrain's capital!","Manama, Capital Governorate",58,BHD,Monthly,Furnished,"Floor, Covered parking, Security Staff, Centrally Air-Conditioned, Floor, Covered parking, Security Staff, Centrally Air-Conditioned, Storage Areas",10 Sq. M.,JANE,,For Rent > : > Capital Governorate Other Commercial > Manama > Bayut - ID105459627,https://images.bayut.bh/thumbnails/139343-800x600.webp|https://images.bayut.bh/thumbnails/139344-400x300.webp|https://images.bayut.bh/thumbnails/139343-800x600.webp|https://images.bayut.bh/thumbnails/139344-800x600.webp|https://images.bayut.bh/thumbnails/133171-400x300.webp|https://images.bayut.bh/thumbnails/95047-400x300.webp|https://images.bayut.bh/thumbnails/149511-400x300.webp,Other Commercial
Bayut - ID104141021,104141021,https://www.bayut.bh/en/property/details-104141021.html,For Rent,"Other Commercial For Rent in Manama, Capital Governorate","Discover this exclusive Other Commercial property available for rent in the bustling city of Manama, Capital Governorate. This property offers a convenient location and essential amenities, making it an ideal choice for your business needs. Features include Security Staff and Central Air Conditioning to ensure a comfortable and secure working environment. Don't miss out on this opportunity to elevate your business in one of Bahrain's most vibrant cities.","Manama, Capital Governorate",103,BHD,Monthly,Furnished,"Floor, Security Staff, Centrally Air-Conditioned, Storage Areas",10 Sq. M.,Regus Bahrain,,For Rent > : > Capital Governorate Other Commercial > Manama > Bayut - ID104141021,https://images.bayut.bh/thumbnails/99812-800x600.webp|https://images.bayut.bh/thumbnails/99814-400x300.webp|https://images.bayut.bh/thumbnails/99828-400x300.webp|https://images.bayut.bh/thumbnails/99832-400x300.webp|https://images.bayut.bh/thumbnails/99812-800x600.webp|https://images.bayut.bh/thumbnails/99814-800x600.webp|https://images.bayut.bh/thumbnails/99828-800x600.webp|https://images.bayut.bh/thumbnails/99832-800x600.webp|https://images.bayut.bh/thumbnails/99848-800x600.webp|https://images.bayut.bh/thumbnails/99854-800x600.webp|https://images.bayut.bh/thumbnails/99856-800x600.webp|https://images.bayut.bh/thumbnails/99864-800x600.webp|https://images.bayut.bh/thumbnails/99867-800x600.webp|https://images.bayut.bh/thumbnails/99876-800x600.webp|https://images.bayut.bh/thumbnails/133171-400x300.webp|https://images.bayut.bh/thumbnails/95047-400x300.webp|https://images.bayut.bh/thumbnails/149511-400x300.webp|https://images.bayut.bh/thumbnails/83743-240x180.webp,Other Commercial
Bayut - ID105619339,105619339,https://www.bayut.bh/en/property/details-105619339.html,For Rent,"Commercial Space For Rent in Saar, Northern Governorate","Discover the perfect opportunity for your business with this expansive commercial space available for rent in Saar, located in the Northern Governorate. This substantial property encompasses a generous area of 2785 square meters, making it ideal for various commercial uses. Whether you are looking to expand your existing operations or start a new venture, this space provides the flexibility and room to grow. Key Features: - Area: 2785 Square Meters - Property Type: Commercial Space - Rental Price: 4500 Bahraini Dinars per Month - Location: Saar, Northern Governorate - Condition: Unfurnished, allowing you to customize the space to suit your business needs This commercial property offers a blank canvas, which is essential for any business that seeks to establish a unique identity in a competitive market. The flexibility of the layout allows for open-plan designs, private offices, or any configuration that would best serve your business strategy. Being situated in Saar, it benefits from a good amount of foot traffic, making it a strategic location for retail or service-focused operations. Furthermore, the Northern Governorate is known for its growing economy and strong support for businesses, ensuring you will be in good company alongside other thriving enterprises. This location is easily accessible and well-connected, which is beneficial not only for staff commuting but also for customers visiting your establishment. Don't miss out on this opportunity to secure a prominent commercial presence in one of Bahrain's up-and-coming areas. Contact us today to arrange a viewing and take the first step towards establishing your business in this prime location. This commercial space is waiting for someone with vision and ambition. Act now and make it yours!","Saar, Northern Governorate","4,500",BHD,Monthly,Unfurnished,,"2,785 Sq. M.",Myspace Real Estate & Consulting,,For Rent > : > Northern Governorate Other Commercial > Saar > Bayut - ID105619339,https://images.bayut.bh/thumbnails/177539-800x600.webp|https://images.bayut.bh/thumbnails/177579-400x300.webp|https://images.bayut.bh/thumbnails/177538-400x300.webp|https://images.bayut.bh/thumbnails/177540-400x300.webp|https://images.bayut.bh/thumbnails/177539-800x600.webp|https://images.bayut.bh/thumbnails/177579-800x600.webp|https://images.bayut.bh/thumbnails/177538-800x600.webp|https://images.bayut.bh/thumbnails/177540-800x600.webp|https://images.bayut.bh/thumbnails/177541-800x600.webp|https://images.bayut.bh/thumbnails/177542-800x600.webp|https://images.bayut.bh/thumbnails/177543-800x600.webp|https://images.bayut.bh/thumbnails/177544-800x600.webp|https://images.bayut.bh/thumbnails/177545-800x600.webp|https://images.bayut.bh/thumbnails/177546-800x600.webp|https://images.bayut.bh/thumbnails/177547-800x600.webp|https://images.bayut.bh/thumbnails/133171-400x300.webp|https://images.bayut.bh/thumbnails/95047-400x300.webp|https://images.bayut.bh/thumbnails/87602-400x300.webp|https://images.bayut.bh/thumbnails/156514-240x180.webp,Other Commercial
Bayut - ID105503678,105503678,https://www.bayut.bh/en/property/details-105503678.html,For Rent,"Commercial Space For Rent in Seef, Capital Governorate","Discover an exceptional opportunity to secure a prime commercial space in the vibrant area of Seef, Capital Governorate. This property is perfect for businesses looking to establish a presence in one of the most active commercial districts in Bahrain. The space measures 10 square meters and is fully furnished, providing you with a ready-to-move-in solution for your business needs. **Key Features:** - Area: 10 Square Meters - Furnished for immediate occupancy - Ideal location in Seef, Capital Governorate **Amenities Include:** - Covered parking: Convenient parking options available for you and your clients. - Security Staff: Ensuring the safety of the premises and providing peace of mind. - Central Air Conditioning: Comfortable environment throughout the year, catering to both staff and customers. - Storage Areas: Additional space to store your business necessities efficiently. The strategic location in Seef offers high visibility and access to a diverse clientele, making it a smart choice for various commercial ventures. Situated close to major roadways and commercial hubs, this space is easily accessible and well-connected. This commercial property is available for rent on a monthly basis at an attractive price of 58. Whether you are starting a new business or relocating, this space represents a fantastic opportunity to grow and thrive in a bustling area. Don’t miss out on this chance to elevate your business presence! Contact us today to arrange a viewing and explore the potential this space has to offer.","Manama, Capital Governorate",66,BHD,Monthly,Furnished,"Covered parking, Security Staff, Centrally Air-Conditioned, Storage Areas",10 Sq. M.,Elazzab Group_ Aya,,For Rent > : > Capital Governorate Other Commercial > Manama > Bayut - ID105503678,https://images.bayut.bh/thumbnails/156848-800x600.webp|https://images.bayut.bh/thumbnails/156849-400x300.webp|https://images.bayut.bh/thumbnails/156850-400x300.webp|https://images.bayut.bh/thumbnails/160405-400x300.webp|https://images.bayut.bh/thumbnails/156848-800x600.webp|https://images.bayut.bh/thumbnails/156849-800x600.webp|https://images.bayut.bh/thumbnails/156850-800x600.webp|https://images.bayut.bh/thumbnails/160405-800x600.webp|https://images.bayut.bh/thumbnails/160407-800x600.webp|https://images.bayut.bh/thumbnails/160408-800x600.webp|https://images.bayut.bh/thumbnails/160409-800x600.webp|https://images.bayut.bh/thumbnails/133171-400x300.webp|https://images.bayut.bh/thumbnails/95047-400x300.webp|https://images.bayut.bh/thumbnails/87602-400x300.webp,Other Commercial
Bayut - ID105601615,105601615,https://www.bayut.bh/en/property/details-105601615.html,For Rent,"Other Commercial For Rent Hoora, Capital Governorate","Welcome to this outstanding commercial property available for rent in Hoora, situated in the vibrant Capital Governorate. This is an excellent opportunity for businesses looking for a prime location with essential amenities to support daily operations. Key Features: - Size: 10 square meters of well-utilized space. - Furnished: The property comes furnished, allowing for immediate use without needing to invest in furniture or fixtures. - Floor: Featuring a solid floor that is suitable for various commercial activities, ensuring durability and easy maintenance. - Covered Parking: The availability of covered parking enhances convenience for both employees and clients, providing safe and secure parking solutions. - Security Staff: The property is equipped with security staff to ensure a safe environment, offering peace of mind for business operations. - Central Air Conditioning: Enjoy comfort throughout the year with a centrally controlled air conditioning system, creating a comfortable working environment regardless of the season. - Storage Areas: Additional storage areas provide increased functionality, allowing for better space management for your business needs. This property offers flexibility and functionality ideal for various commercial uses. With the essential amenities already in place, you can focus on what matters most—running your business efficiently. Hoora is strategically located within the Capital Governorate, making it easily accessible and a bustling hub for commercial activities. If you’re looking for a practical space that meets all the necessary requirements for business operations, this might be the perfect choice. Take the next step forward and schedule a visit to experience this incredible opportunity firsthand. Don’t miss out on securing a space in a prime location that speaks to your business needs. Contact us today for more information and to arrange a viewing.","Hoora, Capital Governorate",66,BHD,Monthly,Furnished,"Floor, Covered parking, Security Staff, Centrally Air-Conditioned, Floor, Covered parking, Security Staff, Centrally Air-Conditioned, Storage Areas",10 Sq. M.,Numan Elazzab,,For Rent > : > Capital Governorate Other Commercial > Hoora > Bayut - ID105601615,https://images.bayut.bh/thumbnails/172299-800x600.webp|https://images.bayut.bh/thumbnails/172300-400x300.webp|https://images.bayut.bh/thumbnails/172301-400x300.webp|https://images.bayut.bh/thumbnails/172299-800x600.webp|https://images.bayut.bh/thumbnails/172300-800x600.webp|https://images.bayut.bh/thumbnails/172301-800x600.webp|https://images.bayut.bh/thumbnails/166424-400x300.webp|https://images.bayut.bh/thumbnails/97429-400x300.webp|https://images.bayut.bh/thumbnails/161075-400x300.webp,Other Commercial
Bayut - ID104896810,104896810,https://www.bayut.bh/en/property/details-104896810.html,For Rent,"0 Bedrooms Other Commercial For Rent Hoora, Capital Governorate","Discover an outstanding opportunity in Hoora, Capital Governorate, with this unique commercial property available for rent. This space is perfectly situated in a dynamic area, making it ideal for various business endeavors. With the flexibility of being unfurnished, you can customize the layout and design to suit your professional needs. This commercial unit boasts a total area of 10 square meters, providing you with a functional space that can accommodate your business's requirements. Some key features and amenities include: - **Floor:** Durable and designed for high-traffic usage, ensuring practicality. - **Covered Parking:** Available for your convenience and the ease of your customers. - **Security Staff:** Providing peace of mind and ensuring the safety of your premises. - **Central Air Conditioning:** Maintaining a comfortable environment year-round. - **Storage Areas:** Additional space to store your business essentials, enabling easy organization and accessibility. Whether you are looking to set up an office, a retail space, or any other commercial operation, this property is versatile enough to meet your needs. Hoora is a vibrant location that attracts a steady flow of customers and clients, providing an excellent opportunity for growth and success. Don't miss out on this chance to position your business in a thriving sector. Reach out today to arrange a viewing and take the first step towards securing your new commercial space in Hoora. Act quickly, as opportunities like this are in high demand!","Hoora, Capital Governorate",66,BHD,Monthly,Furnished,"Floor, Covered parking, Security Staff, Centrally Air-Conditioned, Floor, Covered parking, Security Staff, Centrally Air-Conditioned, Storage Areas",10 Sq. M.,Mohammed Nizam,,For Rent > : > Capital Governorate Other Commercial > Hoora > Bayut - ID104896810,https://images.bayut.bh/thumbnails/172281-800x600.webp|https://images.bayut.bh/thumbnails/172282-400x300.webp|https://images.bayut.bh/thumbnails/172283-400x300.webp|https://images.bayut.bh/thumbnails/172284-400x300.webp|https://images.bayut.bh/thumbnails/172281-800x600.webp|https://images.bayut.bh/thumbnails/172282-800x600.webp|https://images.bayut.bh/thumbnails/172283-800x600.webp|https://images.bayut.bh/thumbnails/172284-800x600.webp|https://images.bayut.bh/thumbnails/172285-800x600.webp|https://images.bayut.bh/thumbnails/172286-800x600.webp|https://images.bayut.bh/thumbnails/172287-800x600.webp|https://images.bayut.bh/thumbnails/172288-800x600.webp|https://images.bayut.bh/thumbnails/172289-800x600.webp|https://images.bayut.bh/thumbnails/172290-800x600.webp|https://images.bayut.bh/thumbnails/172291-800x600.webp|https://images.bayut.bh/thumbnails/172292-800x600.webp|https://images.bayut.bh/thumbnails/172293-800x600.webp|https://images.bayut.bh/thumbnails/172294-800x600.webp|https://images.bayut.bh/thumbnails/100539-400x300.webp|https://images.bayut.bh/thumbnails/133171-400x300.webp|https://images.bayut.bh/thumbnails/95047-400x300.webp,Other Commercial
Bayut - ID104064234,104064234,https://www.bayut.bh/en/property/details-104064234.html,For Rent,"Studio Other Commercial For Rent Gufool, Capital Governorate","This studio property is available for rent in Gufool, Capital Governorate. The space covers an area of 120 square meters and is furnished. Key features of the property include a floor, covered parking, security staff, and central air conditioning. The monthly rental price is BHD 400. Don't miss this opportunity to rent this conveniently located studio space in Gufool.","Gufool, Capital Governorate",400,BHD,Monthly,Furnished,"Floor, Covered parking, Security Staff, Centrally Air-Conditioned",120 Sq. M.,Arathi,,For Rent > : > Capital Governorate Other Commercial > Gufool > Bayut - ID104064234,https://images.bayut.bh/thumbnails/133171-800x600.webp|https://images.bayut.bh/thumbnails/133172-400x300.webp|https://images.bayut.bh/thumbnails/133173-400x300.webp|https://images.bayut.bh/thumbnails/133174-400x300.webp|https://images.bayut.bh/thumbnails/133171-800x600.webp|https://images.bayut.bh/thumbnails/133172-800x600.webp|https://images.bayut.bh/thumbnails/133173-800x600.webp|https://images.bayut.bh/thumbnails/133174-800x600.webp|https://images.bayut.bh/thumbnails/133175-800x600.webp|https://images.bayut.bh/thumbnails/100539-400x300.webp|https://images.bayut.bh/thumbnails/95047-400x300.webp|https://images.bayut.bh/thumbnails/87602-400x300.webp,Other Commercial
Bayut - ID105346853,105346853,https://www.bayut.bh/en/property/details-105346853.html,For Rent,"Other Commercial For Rent - Al Hidd, Muharraq Governorate","Introducing a fantastic opportunity to rent this Other Commercial property located in the bustling area of Al Hidd, Muharraq Governorate. Boasting a floor area of 10 square meters, this property offers a range of amenities including covered parking, security staff, central air conditioning, and storage areas. With a monthly rental frequency and furnished status, this space is ideal for various business ventures. Don't miss out on this prime location for your next commercial endeavor!","Al Hidd, Muharraq Governorate",66,BHD,Monthly,Furnished,"Floor, Covered parking, Security Staff, Centrally Air-Conditioned, Floor, Covered parking, Security Staff, Centrally Air-Conditioned, Storage Areas",10 Sq. M.,Marina,,For Rent > : > Muharraq Governorate Other Commercial > Al Hidd > Bayut - ID105346853,https://images.bayut.bh/thumbnails/143679-800x600.webp|https://images.bayut.bh/thumbnails/143680-400x300.webp|https://images.bayut.bh/thumbnails/143681-400x300.webp|https://images.bayut.bh/thumbnails/143679-800x600.webp|https://images.bayut.bh/thumbnails/143680-800x600.webp|https://images.bayut.bh/thumbnails/143681-800x600.webp|https://images.bayut.bh/thumbnails/100539-400x300.webp|https://images.bayut.bh/thumbnails/95047-400x300.webp|https://images.bayut.bh/thumbnails/87602-400x300.webp,Other Commercial
