"unique_id"|"competitor_name"|"store_name"|"store_addressline1"|"store_addressline2"|"store_suburb"|"store_state"|"store_postcode"|"store_addressid"|"extraction_date"|"product_name"|"brand"|"brand_type"|"grammage_quantity"|"grammage_unit"|"drained_weight"|"producthierarchy_level1"|"producthierarchy_level2"|"producthierarchy_level3"|"producthierarchy_level4"|"producthierarchy_level5"|"producthierarchy_level6"|"producthierarchy_level7"|"regular_price"|"selling_price"|"price_was"|"promotion_price"|"promotion_valid_from"|"promotion_valid_upto"|"promotion_type"|"percentage_discount"|"promotion_description"|"package_sizeof_sellingprice"|"per_unit_sizedescription"|"price_valid_from"|"price_per_unit"|"multi_buy_item_count"|"multi_buy_items_price_total"|"currency"|"breadcrumb"|"pdp_url"|"variants"|"product_description"|"instructions"|"storage_instructions"|"preparationinstructions"|"instructionforuse"|"country_of_origin"|"allergens"|"age_of_the_product"|"age_recommendations"|"flavour"|"nutritions"|"nutritional_information"|"vitamins"|"labelling"|"grade"|"region"|"packaging"|"receipies"|"processed_food"|"barcode"|"frozen"|"chilled"|"organictype"|"cooking_part"|"handmade"|"max_heating_temperature"|"special_information"|"label_information"|"dimensions"|"special_nutrition_purpose"|"feeding_recommendation"|"warranty"|"color"|"model_number"|"material"|"usp"|"dosage_recommendation"|"tasting_note"|"food_preservation"|"size"|"rating"|"review"|"file_name_1"|"image_url_1"|"file_name_2"|"image_url_2"|"file_name_3"|"image_url_3"|"file_name_4"|"image_url_4"|"file_name_5"|"image_url_5"|"file_name_6"|"image_url_6"|"competitor_product_key"|"fit_guide"|"occasion"|"material_composition"|"style"|"care_instructions"|"heel_type"|"heel_height"|"upc"|"features"|"dietary_lifestyle"|"manufacturer_address"|"importer_address"|"distributor_address"|"vinification_details"|"recycling_information"|"return_address"|"alchol_by_volume"|"beer_deg"|"netcontent"|"netweight"|"site_shown_uom"|"ingredients"|"random_weight_flag"|"instock"|"promo_limit"|"product_unique_key"|"multibuy_items_pricesingle"|"perfect_match"|"servings_per_pack"|"warning"|"suitable_for"|"standard_drinks"|"environmental"|"grape_variety"|"retail_limit"
"3010892-1-0"|"aldi"|""|""|""|""|""|""|""|"2026-03-23"|"Energiedrank"|"MONSTER"|""|"500"|"ml"|""|"STARTPAGINA"|"PRODUCTEN"|"ASSORTIMENT"|"ALCOHOLVRIJE DRANKEN"|"ENERGY DRINKS EN SPORTDRANK"|"ENERGIEDRANK"|""|"1.75"|"1.75"|""|""|""|""|""|""|""|""|""|""|"3.50"|""|""|"EUR"|"STARTPAGINA > PRODUCTEN > ASSORTIMENT > ALCOHOLVRIJE DRANKEN > ENERGY DRINKS EN SPORTDRANK > ENERGIEDRANK"|"https://www.aldi.be/nl/p/artikel-3010892-1-0.article.html#/nl/producten/assortiment/alcoholvrije-dranken/energy-drinks-sportdrank"|""|"met appelsmaak, bevat taurine en cafeïne"|""|""|""|""|""|""|""|""|""|""|""|""|""|""|""|""|""|""|""|""|""|""|""|""|""|""|""|""|""|""|""|""|""|""|""|""|""|""|""|""|""|""|"https://www.aldi.be/content/aldi/belgium/promotions/source-localenhancement/2019/2019-01/2019-01-02/vast_assortiment/3010892/1/0/_jcr_content/assets/imported-images/BILD_INTERNET3/3010892_monster_met_appelsmaak_25-1.png/_jcr_content/renditions/opt.1250w.png.res/1748907462587/opt.1250w.png"|""|""|""|""|""|""|""|""|""|""|""|""|""|""|""|""|""|""|""|""|""|""|""|""|""|""|""|""|""|""|""|"500 ml"|""|""|""|""|"3010892-1-0P"|""|""|""|""|""|""|""|""|""
"3010893-1-0"|"aldi"|""|""|""|""|""|""|""|"2026-03-23"|"Energiedrank"|"MONSTER"|""|"500"|"ml"|""|"STARTPAGINA"|"PRODUCTEN"|"ASSORTIMENT"|"ALCOHOLVRIJE DRANKEN"|"ENERGY DRINKS EN SPORTDRANK"|"ENERGIEDRANK"|""|"1.45"|"1.45"|""|""|""|""|""|""|""|""|""|""|"2.90"|""|""|"EUR"|"STARTPAGINA > PRODUCTEN > ASSORTIMENT > ALCOHOLVRIJE DRANKEN > ENERGY DRINKS EN SPORTDRANK > ENERGIEDRANK"|"https://www.aldi.be/nl/p/artikel-3010893-1-0.article.html#/nl/producten/assortiment/alcoholvrije-dranken/energy-drinks-sportdrank"|""|"bevat taurine, cafeïne, suiker en zoetstoffen"|""|""|""|""|""|""|""|""|""|""|""|""|""|""|""|""|""|""|""|""|""|""|""|""|""|""|""|""|""|""|""|""|""|""|""|""|""|""|""|""|""|""|"https://www.aldi.be/content/aldi/belgium/promotions/source-localenhancement/2019/2019-01/2019-01-02/vast_assortiment/3010893/1/0/_jcr_content/assets/imported-images/BILD_INTERNET4/3010893_monster_25-1.png/_jcr_content/renditions/opt.1250w.png.res/1748907450228/opt.1250w.png"|""|""|""|""|""|""|""|""|""|""|""|""|""|""|""|""|""|""|""|""|""|""|""|""|""|""|""|""|""|""|""|"500 ml"|""|""|""|""|"3010893-1-0P"|""|""|""|""|""|""|""|""|""
"120-1-0"|"aldi"|""|""|""|""|""|""|""|"2026-03-23"|"Energydrink"|"GOLDEN POWER"|""|"25"|"cl"|""|"STARTPAGINA"|"PRODUCTEN"|"ASSORTIMENT"|"ALCOHOLVRIJE DRANKEN"|"ENERGY DRINKS EN SPORTDRANK"|"ENERGYDRINK"|""|"0.49"|"0.49"|""|""|""|""|""|""|""|""|""|""|"1.96"|""|""|"EUR"|"STARTPAGINA > PRODUCTEN > ASSORTIMENT > ALCOHOLVRIJE DRANKEN > ENERGY DRINKS EN SPORTDRANK > ENERGYDRINK"|"https://www.aldi.be/nl/p/artikel-120-1-0.article.html#/nl/producten/assortiment/alcoholvrije-dranken/energy-drinks-sportdrank"|""|"bevat taurine en cafeïne"|""|""|""|""|""|""|""|""|""|""|""|""|""|""|""|""|""|""|""|""|""|""|""|""|""|""|""|""|""|""|""|""|""|""|""|""|""|""|""|""|""|""|"https://www.aldi.be/content/aldi/belgium/promotions/source-localenhancement/2019/2019-01/2019-01-02/vast_assortiment/120/1/0/_jcr_content/assets/imported-images/BILD_INTERNET12/0120_golden_power_energy_250ml_regular_2025.png/_jcr_content/renditions/opt.1250w.png.res/1759966604005/opt.1250w.png"|""|""|""|""|""|""|""|""|""|""|""|""|""|""|""|""|""|""|""|""|""|""|""|""|""|""|""|""|""|""|""|"25 cl"|""|""|""|""|"120-1-0P"|""|""|""|""|""|""|""|""|""
"3002372-1-0"|"aldi"|""|""|""|""|""|""|""|"2026-03-23"|"Energydrink"|"RED BULL"|""|"25"|"cl"|""|"STARTPAGINA"|"PRODUCTEN"|"ASSORTIMENT"|"ALCOHOLVRIJE DRANKEN"|"ENERGY DRINKS EN SPORTDRANK"|"ENERGYDRINK"|""|"1.25"|"1.25"|""|""|""|""|""|""|""|""|""|""|"5.00"|""|""|"EUR"|"STARTPAGINA > PRODUCTEN > ASSORTIMENT > ALCOHOLVRIJE DRANKEN > ENERGY DRINKS EN SPORTDRANK > ENERGYDRINK"|"https://www.aldi.be/nl/p/artikel-3002372-1-0.article.html#/nl/producten/assortiment/alcoholvrije-dranken/energy-drinks-sportdrank"|""|"energydrink op basis van alpenwater, suiker, taurine (0,4 %), cafeïne (0,03 %) en vitamine B"|""|""|""|""|""|""|""|""|""|""|""|""|""|""|""|""|""|""|""|""|""|""|""|""|""|""|""|""|""|""|""|""|""|""|""|""|""|""|""|""|""|""|"https://www.aldi.be/content/aldi/belgium/promotions/source-localenhancement/2019/2019-01/2019-01-02/vast_assortiment/3002372/1/0/_jcr_content/assets/imported-images/BILD_INTERNET3/3002372_red-bull_energydrink_2021.png/_jcr_content/renditions/opt.1250w.png.res/1679462324944/opt.1250w.png"|""|""|""|""|""|""|""|""|""|""|""|""|""|""|""|""|""|""|""|""|""|""|""|""|""|""|""|""|""|""|""|"25 cl"|""|""|""|""|"3002372-1-0P"|""|""|""|""|""|""|""|""|""
"3012048-1-0"|"aldi"|""|""|""|""|""|""|""|"2026-03-23"|"Energydrink green"|"GOLDEN POWER"|""|"50"|"cl"|""|"STARTPAGINA"|"PRODUCTEN"|"ASSORTIMENT"|"ALCOHOLVRIJE DRANKEN"|"ENERGY DRINKS EN SPORTDRANK"|"ENERGYDRINK GREEN"|""|"0.89"|"0.89"|""|""|""|""|""|""|""|""|""|""|"1.78"|""|""|"EUR"|"STARTPAGINA > PRODUCTEN > ASSORTIMENT > ALCOHOLVRIJE DRANKEN > ENERGY DRINKS EN SPORTDRANK > ENERGYDRINK GREEN"|"https://www.aldi.be/nl/p/artikel-3012048-1-0.article.html#/nl/producten/assortiment/alcoholvrije-dranken/energy-drinks-sportdrank"|""|"green guarana-smaak"|""|""|""|""|""|""|""|""|""|""|""|""|""|""|""|""|""|""|""|""|""|""|""|""|""|""|""|""|""|""|""|""|""|""|""|""|""|""|""|""|""|""|"https://www.aldi.be/content/aldi/belgium/promotions/source-localenhancement/2019/2019-01/2019-01-02/vast_assortiment/3012048/1/0/_jcr_content/assets/imported-images/BILD_INTERNET4/3012048_energydrink_green_26-1.png/_jcr_content/renditions/opt.1250w.png.res/1772498194759/opt.1250w.png"|""|""|""|""|""|""|""|""|""|""|""|""|""|""|""|""|""|""|""|""|""|""|""|""|""|""|""|""|""|""|""|"50 cl"|""|""|""|""|"3012048-1-0P"|""|""|""|""|""|""|""|""|""
"3011383-1-0"|"aldi"|""|""|""|""|""|""|""|"2026-03-23"|"Energydrink passion fruit"|"GOLDEN POWER"|""|"25"|"cl"|""|"STARTPAGINA"|"PRODUCTEN"|"ASSORTIMENT"|"ALCOHOLVRIJE DRANKEN"|"ENERGY DRINKS EN SPORTDRANK"|"ENERGYDRINK PASSION FRUIT"|""|"0.55"|"0.55"|""|""|""|""|""|""|""|""|""|""|"2.20"|""|""|"EUR"|"STARTPAGINA > PRODUCTEN > ASSORTIMENT > ALCOHOLVRIJE DRANKEN > ENERGY DRINKS EN SPORTDRANK > ENERGYDRINK PASSION FRUIT"|"https://www.aldi.be/nl/p/artikel-3011383-1-0.article.html#/nl/producten/assortiment/alcoholvrije-dranken/energy-drinks-sportdrank"|""|"passievruchtsmaak, keuze uit regular en zero"|""|""|""|""|""|""|""|""|""|""|""|""|""|""|""|""|""|""|""|""|""|""|""|""|""|""|""|""|""|""|""|""|""|""|""|""|""|""|""|""|""|""|"https://www.aldi.be/content/aldi/belgium/promotions/source-localenhancement/2019/2019-01/2019-01-02/tijdelijk_assortiment/3011383/1/0/_jcr_content/assets/imported-images/BILD_INTERNET1/3011383_energydrink_passion_fruit_25-0-grp.png/_jcr_content/renditions/opt.1250w.png.res/1762302987296/opt.1250w.png"|""|"https://www.aldi.be/content/aldi/belgium/promotions/source-localenhancement/2019/2019-01/2019-01-02/tijdelijk_assortiment/3011383/1/0/_jcr_content/assets/imported-images/BILD_INTERNET2/3011383_energydrink_passion_fruit_25-1.png/_jcr_content/renditions/opt.1250w.png.res/1762302983062/opt.1250w.png"|""|"https://www.aldi.be/content/aldi/belgium/promotions/source-localenhancement/2019/2019-01/2019-01-02/tijdelijk_assortiment/3011383/1/0/_jcr_content/assets/imported-images/BILD_INTERNET4/3011383_energydrink_passion_fruit_25-2.png/_jcr_content/renditions/opt.1250w.png.res/1762302983033/opt.1250w.png"|""|""|""|""|""|""|""|""|""|""|""|""|""|""|""|""|""|""|""|""|""|""|""|""|""|""|""|"25 cl"|""|""|""|""|"3011383-1-0P"|""|""|""|""|""|""|""|""|""
"3010862-1-0"|"aldi"|""|""|""|""|""|""|""|"2026-03-23"|"Energydrink peach"|"GOLDEN POWER"|""|"25"|"cl"|""|"STARTPAGINA"|"PRODUCTEN"|"ASSORTIMENT"|"ALCOHOLVRIJE DRANKEN"|"ENERGY DRINKS EN SPORTDRANK"|"ENERGYDRINK PEACH"|""|"0.55"|"0.55"|""|""|""|""|""|""|""|""|""|""|"2.20"|""|""|"EUR"|"STARTPAGINA > PRODUCTEN > ASSORTIMENT > ALCOHOLVRIJE DRANKEN > ENERGY DRINKS EN SPORTDRANK > ENERGYDRINK PEACH"|"https://www.aldi.be/nl/p/artikel-3010862-1-0.article.html#/nl/producten/assortiment/alcoholvrije-dranken/energy-drinks-sportdrank"|""|"perziksmaak"|""|""|""|""|""|""|""|""|""|""|""|""|""|""|""|""|""|""|""|""|""|""|""|""|""|""|""|""|""|""|""|""|""|""|""|""|""|""|""|""|""|""|"https://www.aldi.be/content/aldi/belgium/promotions/source-localenhancement/2019/2019-01/2019-01-02/vast_assortiment/3010862/1/0/_jcr_content/assets/imported-images/BILD_INTERNET4/3010862_fr_nl_de_be_energy_flavours_250ml_white_peach_refresco_2025.png/_jcr_content/renditions/opt.1250w.png.res/1753400273557/opt.1250w.png"|""|""|""|""|""|""|""|""|""|""|""|""|""|""|""|""|""|""|""|""|""|""|""|""|""|""|""|""|""|""|""|"25 cl"|""|""|""|""|"3010862-1-0P"|""|""|""|""|""|""|""|""|""
"3009857-1-0"|"aldi"|""|""|""|""|""|""|""|"2026-03-23"|"Energydrink peach zero"|"GOLDEN POWER"|""|"25"|"cl"|""|"STARTPAGINA"|"PRODUCTEN"|"ASSORTIMENT"|"ALCOHOLVRIJE DRANKEN"|"ENERGY DRINKS EN SPORTDRANK"|"ENERGYDRINK PEACH ZERO"|""|"0.55"|"0.55"|""|""|""|""|""|""|""|""|""|""|"2.20"|""|""|"EUR"|"STARTPAGINA > PRODUCTEN > ASSORTIMENT > ALCOHOLVRIJE DRANKEN > ENERGY DRINKS EN SPORTDRANK > ENERGYDRINK PEACH ZERO"|"https://www.aldi.be/nl/p/artikel-3009857-1-0.article.html#/nl/producten/assortiment/alcoholvrije-dranken/energy-drinks-sportdrank"|""|"perziksmaak, zonder suikers, bevat zoetstoffen"|""|""|""|""|""|""|""|""|""|""|""|""|""|""|""|""|""|""|""|""|""|""|""|""|""|""|""|""|""|""|""|""|""|""|""|""|""|""|""|""|""|""|"https://www.aldi.be/content/aldi/belgium/promotions/source-localenhancement/2019/2019-01/2019-01-02/vast_assortiment/3009857/1/0/_jcr_content/assets/imported-images/BILD_INTERNET2/3009857-44027_de_fr_nl_be_energy_flavours_250ml_peach_zero_konings_2025.png/_jcr_content/renditions/opt.1250w.png.res/1753400210884/opt.1250w.png"|""|""|""|""|""|""|""|""|""|""|""|""|""|""|""|""|""|""|""|""|""|""|""|""|""|""|""|""|""|""|""|"25 cl"|""|""|""|""|"3009857-1-0P"|""|""|""|""|""|""|""|""|""
"3004424-1-0"|"aldi"|""|""|""|""|""|""|""|"2026-03-23"|"Energydrink raspberry"|"GOLDEN POWER"|""|"25"|"cl"|""|"STARTPAGINA"|"PRODUCTEN"|"ASSORTIMENT"|"ALCOHOLVRIJE DRANKEN"|"ENERGY DRINKS EN SPORTDRANK"|"ENERGYDRINK RASPBERRY"|""|"0.55"|"0.55"|""|""|""|""|""|""|""|""|""|""|"2.20"|""|""|"EUR"|"STARTPAGINA > PRODUCTEN > ASSORTIMENT > ALCOHOLVRIJE DRANKEN > ENERGY DRINKS EN SPORTDRANK > ENERGYDRINK RASPBERRY"|"https://www.aldi.be/nl/p/artikel-3004424-1-0.article.html#/nl/producten/assortiment/alcoholvrije-dranken/energy-drinks-sportdrank"|""|"frambozensmaak"|""|""|""|""|""|""|""|""|""|""|""|""|""|""|""|""|""|""|""|""|""|""|""|""|""|""|""|""|""|""|""|""|""|""|""|""|""|""|""|""|""|""|"https://www.aldi.be/content/aldi/belgium/promotions/source-localenhancement/2019/2019-01/2019-01-02/vast_assortiment/3004424/1/0/_jcr_content/assets/imported-images/BILD_INTERNET14/3004424_be_nl_fr_be_energy_flavours_250ml_raspberry_refresco_2025.png/_jcr_content/renditions/opt.1250w.png.res/1759188995304/opt.1250w.png"|""|""|""|""|""|""|""|""|""|""|""|""|""|""|""|""|""|""|""|""|""|""|""|""|""|""|""|""|""|""|""|"25 cl"|""|""|""|""|"3004424-1-0P"|""|""|""|""|""|""|""|""|""
"260-1-0"|"aldi"|""|""|""|""|""|""|""|"2026-03-23"|"Energydrink zero"|"GOLDEN POWER"|""|"25"|"cl"|""|"STARTPAGINA"|"PRODUCTEN"|"ASSORTIMENT"|"ALCOHOLVRIJE DRANKEN"|"ENERGY DRINKS EN SPORTDRANK"|"ENERGYDRINK ZERO"|""|"0.49"|"0.49"|""|""|""|""|""|""|""|""|""|""|"1.96"|""|""|"EUR"|"STARTPAGINA > PRODUCTEN > ASSORTIMENT > ALCOHOLVRIJE DRANKEN > ENERGY DRINKS EN SPORTDRANK > ENERGYDRINK ZERO"|"https://www.aldi.be/nl/p/artikel-260-1-0.article.html#/nl/producten/assortiment/alcoholvrije-dranken/energy-drinks-sportdrank"|""|"zonder suiker, bevat taurine, cafeïne en zoetstoffen"|""|""|""|""|""|""|""|""|""|""|""|""|""|""|""|""|""|""|""|""|""|""|""|""|""|""|""|""|""|""|""|""|""|""|""|""|""|""|""|""|""|""|"https://www.aldi.be/content/aldi/belgium/promotions/source-localenhancement/2019/2019-01/2019-01-02/vast_assortiment/260/1/0/_jcr_content/assets/imported-images/BILD_INTERNET12/0260_energy_250ml_zero_2025.png/_jcr_content/renditions/opt.1250w.png.res/1764894991044/opt.1250w.png"|""|""|""|""|""|""|""|""|""|""|""|""|""|""|""|""|""|""|""|""|""|""|""|""|""|""|""|""|""|""|""|"25 cl"|""|""|""|""|"260-1-0P"|""|""|""|""|""|""|""|""|""
"727-1-0"|"aldi"|""|""|""|""|""|""|""|"2026-03-23"|"Sportdrank, 6 st."|"RIVER"|""|"6 x 50"|"cl"|""|"STARTPAGINA"|"PRODUCTEN"|"ASSORTIMENT"|"ALCOHOLVRIJE DRANKEN"|"ENERGY DRINKS EN SPORTDRANK"|"SPORTDRANK, 6 ST."|""|"3.99"|"3.99"|""|""|""|""|""|""|""|""|""|""|"1.33"|""|""|"EUR"|"STARTPAGINA > PRODUCTEN > ASSORTIMENT > ALCOHOLVRIJE DRANKEN > ENERGY DRINKS EN SPORTDRANK > SPORTDRANK, 6 ST."|"https://www.aldi.be/nl/p/artikel-727-1-0.article.html#/nl/producten/assortiment/alcoholvrije-dranken/energy-drinks-sportdrank"|""|"met vitamines en natuurlijke aroma's, keuze uit verschillende varianten"|""|""|""|""|""|""|""|""|""|""|""|""|""|""|""|""|""|""|""|""|""|""|""|""|""|""|""|""|""|""|""|""|""|""|""|""|""|""|""|""|""|""|"https://www.aldi.be/content/aldi/belgium/promotions/source-localenhancement/2019/2019-01/2019-01-02/vast_assortiment/727/1/0/_jcr_content/assets/imported-images/BILD_INTERNET13/0727_sportdrank_24-0-grp.png/_jcr_content/renditions/opt.1250w.png.res/1745969826228/opt.1250w.png"|""|"https://www.aldi.be/content/aldi/belgium/promotions/source-localenhancement/2019/2019-01/2019-01-02/vast_assortiment/727/1/0/_jcr_content/assets/imported-images/BILD_INTERNET16/0727_sportdrank_24-1.png/_jcr_content/renditions/opt.1250w.png.res/1745969829278/opt.1250w.png"|""|"https://www.aldi.be/content/aldi/belgium/promotions/source-localenhancement/2019/2019-01/2019-01-02/vast_assortiment/727/1/0/_jcr_content/assets/imported-images/BILD_INTERNET8/0727_sportdrank_24-2.png/_jcr_content/renditions/opt.1250w.png.res/1745969817800/opt.1250w.png"|""|"https://www.aldi.be/content/aldi/belgium/promotions/source-localenhancement/2019/2019-01/2019-01-02/vast_assortiment/727/1/0/_jcr_content/assets/imported-images/BILD_INTERNET12/0727_sportdrank_24-3.png/_jcr_content/renditions/opt.1250w.png.res/1745969828019/opt.1250w.png"|""|"https://www.aldi.be/content/aldi/belgium/promotions/source-localenhancement/2019/2019-01/2019-01-02/vast_assortiment/727/1/0/_jcr_content/assets/imported-images/BILD_INTERNET9/0727_sportdrank_24-4.png/_jcr_content/renditions/opt.1250w.png.res/1745969817435/opt.1250w.png"|""|"https://www.aldi.be/content/aldi/belgium/promotions/source-localenhancement/2019/2019-01/2019-01-02/vast_assortiment/727/1/0/_jcr_content/assets/imported-images/BILD_INTERNET17/0727_sportdrank_24-5.png/_jcr_content/renditions/opt.1250w.png.res/1745969832390/opt.1250w.png"|""|""|""|""|""|""|""|""|""|""|""|""|""|""|""|""|""|""|""|""|""|"6 x 50 cl"|""|""|""|""|"727-1-0P"|""|""|""|""|""|""|""|""|""
"3010886-1-0"|"aldi"|""|""|""|""|""|""|""|"2026-03-23"|"Sportdrank Power performance"|"RIVER"|""|"6 x 50"|"cl"|""|"STARTPAGINA"|"PRODUCTEN"|"ASSORTIMENT"|"ALCOHOLVRIJE DRANKEN"|"ENERGY DRINKS EN SPORTDRANK"|"SPORTDRANK POWER PERFORMANCE"|""|"3.99"|"3.99"|""|""|""|""|""|""|""|""|""|""|"1.33"|""|""|"EUR"|"STARTPAGINA > PRODUCTEN > ASSORTIMENT > ALCOHOLVRIJE DRANKEN > ENERGY DRINKS EN SPORTDRANK > SPORTDRANK POWER PERFORMANCE"|"https://www.aldi.be/nl/p/artikel-3010886-1-0.article.html#/nl/producten/assortiment/alcoholvrije-dranken/energy-drinks-sportdrank"|""|"verfrissende drank met aardbeiensmaak"|""|""|""|""|""|""|""|""|""|""|""|""|""|""|""|""|""|""|""|""|""|""|""|""|""|""|""|""|""|""|""|""|""|""|""|""|""|""|""|""|""|""|"https://www.aldi.be/content/aldi/belgium/promotions/source-localenhancement/2019/2019-01/2019-01-02/vast_assortiment/3010886/1/0/_jcr_content/assets/imported-images/BILD_INTERNET1/3010886_sportdrank_power_performance_26-1.png/_jcr_content/renditions/opt.1250w.png.res/1773189439523/opt.1250w.png"|""|"https://www.aldi.be/content/aldi/belgium/promotions/source-localenhancement/2019/2019-01/2019-01-02/vast_assortiment/3010886/1/0/_jcr_content/assets/imported-images/BILD_INTERNET6/3010886_sportdrank_power_performance_26-2.png/_jcr_content/renditions/opt.1250w.png.res/1773189438051/opt.1250w.png"|""|""|""|""|""|""|""|""|""|""|""|""|""|""|""|""|""|""|""|""|""|""|""|""|""|""|""|""|""|"6 x 50 cl"|""|""|""|""|"3010886-1-0P"|""|""|""|""|""|""|""|""|""
"4140-1-0"|"aldi"|""|""|""|""|""|""|""|"2026-03-23"|"Citroenlimonade, 8 st."|"RIVER"|""|"8 x 25"|"cl"|""|"STARTPAGINA"|"PRODUCTEN"|"ASSORTIMENT"|"ALCOHOLVRIJE DRANKEN"|"LIMONADES"|"CITROENLIMONADE, 8 ST."|""|"2.99"|"2.99"|""|""|""|""|""|""|""|""|""|""|"1.50"|""|""|"EUR"|"STARTPAGINA > PRODUCTEN > ASSORTIMENT > ALCOHOLVRIJE DRANKEN > LIMONADES > CITROENLIMONADE, 8 ST."|"https://www.aldi.be/nl/p/artikel-4140-1-0.article.html#/nl/producten/assortiment/alcoholvrije-dranken/limonades"|""|"limonade met citroensmaak"|""|""|""|""|""|""|""|""|""|""|""|""|""|""|""|""|""|""|""|""|""|""|""|""|""|""|""|""|""|""|""|""|""|""|""|""|""|""|""|""|""|""|"https://www.aldi.be/content/aldi/belgium/promotions/source-localenhancement/2019/2019-01/2019-01-02/vast_assortiment/4140/1/0/_jcr_content/assets/imported-images/BILD_INTERNET13/4140_river_citron_23-1.png/_jcr_content/renditions/opt.1250w.png.res/1700786196849/opt.1250w.png"|""|"https://www.aldi.be/content/aldi/belgium/promotions/source-localenhancement/2019/2019-01/2019-01-02/vast_assortiment/4140/1/0/_jcr_content/assets/imported-images/BILD_INTERNET12/4140_river_citron_23-2.png/_jcr_content/renditions/opt.1250w.png.res/1700786189909/opt.1250w.png"|""|""|""|""|""|""|""|""|""|""|""|""|""|""|""|""|""|""|""|""|""|""|""|""|""|""|""|""|""|"8 x 25 cl"|""|""|""|""|"4140-1-0P"|""|""|""|""|""|""|""|""|""
"1996-1-0"|"aldi"|""|""|""|""|""|""|""|"2026-03-23"|"Citroenlimonade zero"|"RIVER"|""|"1.5"|"l"|""|"STARTPAGINA"|"PRODUCTEN"|"ASSORTIMENT"|"ALCOHOLVRIJE DRANKEN"|"LIMONADES"|"CITROENLIMONADE ZERO"|""|"0.69"|"0.69"|""|""|""|""|""|""|""|""|""|""|"0.46"|""|""|"EUR"|"STARTPAGINA > PRODUCTEN > ASSORTIMENT > ALCOHOLVRIJE DRANKEN > LIMONADES > CITROENLIMONADE ZERO"|"https://www.aldi.be/nl/p/artikel-1996-1-0.article.html#/nl/producten/assortiment/alcoholvrije-dranken/limonades"|""|"limonade met vruchtenextracten, suikervrij"|""|""|""|""|""|""|""|""|""|""|""|""|""|""|""|""|""|""|""|""|""|""|""|""|""|""|""|""|""|""|""|""|""|""|""|""|""|""|""|""|""|""|"https://www.aldi.be/content/aldi/belgium/promotions/source-localenhancement/2019/2019-01/2019-01-02/vast_assortiment/1996/1/0/_jcr_content/assets/imported-images/BILD_INTERNET15/1996_river_limonade_citron_zero_24-2.png/_jcr_content/renditions/opt.1250w.png.res/1717717030395/opt.1250w.png"|""|""|""|""|""|""|""|""|""|""|""|""|""|""|""|""|""|""|""|""|""|""|""|""|""|""|""|""|""|""|""|"1.5 l"|""|""|""|""|"1996-1-0P"|""|""|""|""|""|""|""|""|""
"4409-1-0"|"aldi"|""|""|""|""|""|""|""|"2026-03-23"|"Coca-Cola regular"|"COCA-COLA"|""|"2"|"l"|""|"STARTPAGINA"|"PRODUCTEN"|"ASSORTIMENT"|"ALCOHOLVRIJE DRANKEN"|"LIMONADES"|"COCA-COLA REGULAR"|""|"2.95"|"2.95"|""|""|""|""|""|""|""|""|""|""|"1.48"|""|""|"EUR"|"STARTPAGINA > PRODUCTEN > ASSORTIMENT > ALCOHOLVRIJE DRANKEN > LIMONADES > COCA-COLA REGULAR"|"https://www.aldi.be/nl/p/artikel-4409-1-0.article.html#/nl/producten/assortiment/alcoholvrije-dranken/limonades"|""|"bruisende frisdrank met plantenextracten, met suiker"|""|""|""|""|""|""|""|""|""|""|""|""|""|""|""|""|""|""|""|""|""|""|""|""|""|""|""|""|""|""|""|""|""|""|""|""|""|""|""|""|""|""|"https://www.aldi.be/content/aldi/belgium/promotions/source-localenhancement/2019/2019-01/2019-01-02/vast_assortiment/4409/1/0/_jcr_content/assets/imported-images/BILD_INTERNET3/4409_coca-cola_pet_25-lv1.png/_jcr_content/renditions/opt.1250w.png.res/1749080218927/opt.1250w.png"|""|""|""|""|""|""|""|""|""|""|""|""|""|""|""|""|""|""|""|""|""|""|""|""|""|""|""|""|""|""|""|"2 l"|""|""|""|""|"4409-1-0P"|""|""|""|""|""|""|""|""|""
"6056-1-0"|"aldi"|""|""|""|""|""|""|""|"2026-03-23"|"Coca-Cola regular"|"COCA-COLA"|""|"1"|"l"|""|"STARTPAGINA"|"PRODUCTEN"|"ASSORTIMENT"|"ALCOHOLVRIJE DRANKEN"|"LIMONADES"|"COCA-COLA REGULAR"|""|"1.79"|"1.79"|""|""|""|""|""|""|""|""|""|""|"1.79"|""|""|"EUR"|"STARTPAGINA > PRODUCTEN > ASSORTIMENT > ALCOHOLVRIJE DRANKEN > LIMONADES > COCA-COLA REGULAR"|"https://www.aldi.be/nl/p/artikel-6056-1-0.article.html#/nl/producten/assortiment/alcoholvrije-dranken/limonades"|""|"bruisende frisdrank met plantenextracten, met suiker"|""|""|""|""|""|""|""|""|""|""|""|""|""|""|""|""|""|""|""|""|""|""|""|""|""|""|""|""|""|""|""|""|""|""|""|""|""|""|""|""|""|""|"https://www.aldi.be/content/aldi/belgium/promotions/source-localenhancement/2019/2019-01/2019-01-02/vast_assortiment/6056/1/0/_jcr_content/assets/imported-images/BILD_INTERNET6/6056-coca-cola-regular-25-lv2.png/_jcr_content/renditions/opt.1250w.png.res/1772757385828/opt.1250w.png"|""|"https://www.aldi.be/content/aldi/belgium/promotions/source-localenhancement/2019/2019-01/2019-01-02/vast_assortiment/6056/1/0/_jcr_content/assets/imported-images/BILD_INTERNET5/6056-coca-cola-regular-25-lv1.png/_jcr_content/renditions/opt.1250w.png.res/1766191043100/opt.1250w.png"|""|""|""|""|""|""|""|""|""|""|""|""|""|""|""|""|""|""|""|""|""|""|""|""|""|""|""|""|""|"1 l"|""|""|""|""|"6056-1-0P"|""|""|""|""|""|""|""|""|""
"3005713-1-0"|"aldi"|""|""|""|""|""|""|""|"2026-03-23"|"Coca-Cola regular, 6 st."|"COCA-COLA"|""|"6 x 37.5"|"cl"|""|"STARTPAGINA"|"PRODUCTEN"|"ASSORTIMENT"|"ALCOHOLVRIJE DRANKEN"|"LIMONADES"|"COCA-COLA REGULAR, 6 ST."|""|"5.99"|"5.99"|""|""|""|""|""|""|""|""|""|""|"2.66"|""|""|"EUR"|"STARTPAGINA > PRODUCTEN > ASSORTIMENT > ALCOHOLVRIJE DRANKEN > LIMONADES > COCA-COLA REGULAR, 6 ST."|"https://www.aldi.be/nl/p/artikel-3005713-1-0.article.html#/nl/producten/assortiment/alcoholvrije-dranken/limonades"|""|"frisdrank met plantenextracten"|""|""|""|""|""|""|""|""|""|""|""|""|""|""|""|""|""|""|""|""|""|""|""|""|""|""|""|""|""|""|""|""|""|""|""|""|""|""|""|""|""|""|"https://www.aldi.be/content/aldi/belgium/promotions/source-localenhancement/2019/2019-01/2019-01-02/vast_assortiment/3005713/1/0/_jcr_content/assets/imported-images/BILD_INTERNET6/3005713_coca-cola_pet_25lv1.png/_jcr_content/renditions/opt.1250w.png.res/1749080259350/opt.1250w.png"|""|"https://www.aldi.be/content/aldi/belgium/promotions/source-localenhancement/2019/2019-01/2019-01-02/vast_assortiment/3005713/1/0/_jcr_content/assets/imported-images/BILD_INTERNET5/3005713_coca-cola_pet_25lv2.png/_jcr_content/renditions/opt.1250w.png.res/1749080259037/opt.1250w.png"|""|""|""|""|""|""|""|""|""|""|""|""|""|""|""|""|""|""|""|""|""|""|""|""|""|""|""|""|""|"6 x 37.5 cl"|""|""|""|""|"3005713-1-0P"|""|""|""|""|""|""|""|""|""
"4090-1-0"|"aldi"|""|""|""|""|""|""|""|"2026-03-23"|"Coca-Cola regular, 8 st."|"COCA-COLA"|""|"8 x 25"|"cl"|""|"STARTPAGINA"|"PRODUCTEN"|"ASSORTIMENT"|"ALCOHOLVRIJE DRANKEN"|"LIMONADES"|"COCA-COLA REGULAR, 8 ST."|""|"4.99"|"4.99"|""|""|""|""|""|""|""|""|""|""|"2.50"|""|""|"EUR"|"STARTPAGINA > PRODUCTEN > ASSORTIMENT > ALCOHOLVRIJE DRANKEN > LIMONADES > COCA-COLA REGULAR, 8 ST."|"https://www.aldi.be/nl/p/artikel-4090-1-0.article.html#/nl/producten/assortiment/alcoholvrije-dranken/limonades"|""|"frisdrank met plantenextracten, met suiker"|""|""|""|""|""|""|""|""|""|""|""|""|""|""|""|""|""|""|""|""|""|""|""|""|""|""|""|""|""|""|""|""|""|""|""|""|""|""|""|""|""|""|"https://www.aldi.be/content/aldi/belgium/promotions/source-localenhancement/2019/2019-01/2019-01-02/vast_assortiment/4090/1/0/_jcr_content/assets/imported-images/BILD_INTERNET4/4090-coca-cola-regular_25-lv1.png/_jcr_content/renditions/opt.1250w.png.res/1749080274227/opt.1250w.png"|""|"https://www.aldi.be/content/aldi/belgium/promotions/source-localenhancement/2019/2019-01/2019-01-02/vast_assortiment/4090/1/0/_jcr_content/assets/imported-images/BILD_INTERNET3/4090-coca-cola-regular_25-lv2.png/_jcr_content/renditions/opt.1250w.png.res/1749080245435/opt.1250w.png"|""|""|""|""|""|""|""|""|""|""|""|""|""|""|""|""|""|""|""|""|""|""|""|""|""|""|""|""|""|"8 x 25 cl"|""|""|""|""|"4090-1-0P"|""|""|""|""|""|""|""|""|""
"4463-1-0"|"aldi"|""|""|""|""|""|""|""|"2026-03-23"|"Coca-Cola zero"|"COCA-COLA"|""|"2"|"l"|""|"STARTPAGINA"|"PRODUCTEN"|"ASSORTIMENT"|"ALCOHOLVRIJE DRANKEN"|"LIMONADES"|"COCA-COLA ZERO"|""|"2.75"|"2.75"|""|""|""|""|""|""|""|""|""|""|"1.38"|""|""|"EUR"|"STARTPAGINA > PRODUCTEN > ASSORTIMENT > ALCOHOLVRIJE DRANKEN > LIMONADES > COCA-COLA ZERO"|"https://www.aldi.be/nl/p/artikel-4463-1-0.article.html#/nl/producten/assortiment/alcoholvrije-dranken/limonades"|""|"bruisende frisdrank met plantenextracten, zonder suiker, met zoetstoffen"|""|""|""|""|""|""|""|""|""|""|""|""|""|""|""|""|""|""|""|""|""|""|""|""|""|""|""|""|""|""|""|""|""|""|""|""|""|""|""|""|""|""|"https://www.aldi.be/content/aldi/belgium/promotions/source-localenhancement/2019/2019-01/2019-01-02/vast_assortiment/4463/1/0/_jcr_content/assets/imported-images/BILD_INTERNET3/4463_coca-cola_zero_pet_25-lv1.png/_jcr_content/renditions/opt.1250w.png.res/1749080243482/opt.1250w.png"|""|""|""|""|""|""|""|""|""|""|""|""|""|""|""|""|""|""|""|""|""|""|""|""|""|""|""|""|""|""|""|"2 l"|""|""|""|""|"4463-1-0P"|""|""|""|""|""|""|""|""|""
"6057-1-0"|"aldi"|""|""|""|""|""|""|""|"2026-03-23"|"Coca-Cola zero"|"COCA-COLA"|""|"1"|"l"|""|"STARTPAGINA"|"PRODUCTEN"|"ASSORTIMENT"|"ALCOHOLVRIJE DRANKEN"|"LIMONADES"|"COCA-COLA ZERO"|""|"1.79"|"1.79"|""|""|""|""|""|""|""|""|""|""|"1.79"|""|""|"EUR"|"STARTPAGINA > PRODUCTEN > ASSORTIMENT > ALCOHOLVRIJE DRANKEN > LIMONADES > COCA-COLA ZERO"|"https://www.aldi.be/nl/p/artikel-6057-1-0.article.html#/nl/producten/assortiment/alcoholvrije-dranken/limonades"|""|"bruisende frisdrank met plantenextracten, zonder suiker, met zoetstoffen"|""|""|""|""|""|""|""|""|""|""|""|""|""|""|""|""|""|""|""|""|""|""|""|""|""|""|""|""|""|""|""|""|""|""|""|""|""|""|""|""|""|""|"https://www.aldi.be/content/aldi/belgium/promotions/source-localenhancement/2019/2019-01/2019-01-02/vast_assortiment/6057/1/0/_jcr_content/assets/imported-images/BILD_INTERNET5/6057-coca-cola-zero-25-lv2.png/_jcr_content/renditions/opt.1250w.png.res/1766191016976/opt.1250w.png"|""|"https://www.aldi.be/content/aldi/belgium/promotions/source-localenhancement/2019/2019-01/2019-01-02/vast_assortiment/6057/1/0/_jcr_content/assets/imported-images/BILD_INTERNET6/6057-coca-cola-zero-25-lv1.png/_jcr_content/renditions/opt.1250w.png.res/1766191024731/opt.1250w.png"|""|""|""|""|""|""|""|""|""|""|""|""|""|""|""|""|""|""|""|""|""|""|""|""|""|""|""|""|""|"1 l"|""|""|""|""|"6057-1-0P"|""|""|""|""|""|""|""|""|""
"3005714-1-0"|"aldi"|""|""|""|""|""|""|""|"2026-03-23"|"Coca-Cola zero, 6 st."|"COCA-COLA"|""|"6 x 37.5"|"cl"|""|"STARTPAGINA"|"PRODUCTEN"|"ASSORTIMENT"|"ALCOHOLVRIJE DRANKEN"|"LIMONADES"|"COCA-COLA ZERO, 6 ST."|""|"5.99"|"5.99"|""|""|""|""|""|""|""|""|""|""|"2.66"|""|""|"EUR"|"STARTPAGINA > PRODUCTEN > ASSORTIMENT > ALCOHOLVRIJE DRANKEN > LIMONADES > COCA-COLA ZERO, 6 ST."|"https://www.aldi.be/nl/p/artikel-3005714-1-0.article.html#/nl/producten/assortiment/alcoholvrije-dranken/limonades"|""|"frisdrank met plantenextracten, zonder suiker, met zoetstoffen"|""|""|""|""|""|""|""|""|""|""|""|""|""|""|""|""|""|""|""|""|""|""|""|""|""|""|""|""|""|""|""|""|""|""|""|""|""|""|""|""|""|""|"https://www.aldi.be/content/aldi/belgium/promotions/source-localenhancement/2019/2019-01/2019-01-02/vast_assortiment/3005714/1/0/_jcr_content/assets/imported-images/BILD_INTERNET6/3005714_coca-cola_zero_pet_25lv1.png/_jcr_content/renditions/opt.1250w.png.res/1749080194872/opt.1250w.png"|""|"https://www.aldi.be/content/aldi/belgium/promotions/source-localenhancement/2019/2019-01/2019-01-02/vast_assortiment/3005714/1/0/_jcr_content/assets/imported-images/BILD_INTERNET5/3005714_coca-cola_zero_pet_25lv2.png/_jcr_content/renditions/opt.1250w.png.res/1749080189244/opt.1250w.png"|""|""|""|""|""|""|""|""|""|""|""|""|""|""|""|""|""|""|""|""|""|""|""|""|""|""|""|""|""|"6 x 37.5 cl"|""|""|""|""|"3005714-1-0P"|""|""|""|""|""|""|""|""|""
"4091-1-0"|"aldi"|""|""|""|""|""|""|""|"2026-03-23"|"Coca-Cola zero, 8-pack"|"COCA-COLA"|""|"8 x 25"|"cl"|""|"STARTPAGINA"|"PRODUCTEN"|"ASSORTIMENT"|"ALCOHOLVRIJE DRANKEN"|"LIMONADES"|"COCA-COLA ZERO, 8-PACK"|""|"4.99"|"4.99"|""|""|""|""|""|""|""|""|""|""|"2.50"|""|""|"EUR"|"STARTPAGINA > PRODUCTEN > ASSORTIMENT > ALCOHOLVRIJE DRANKEN > LIMONADES > COCA-COLA ZERO, 8-PACK"|"https://www.aldi.be/nl/p/artikel-4091-1-0.article.html#/nl/producten/assortiment/alcoholvrije-dranken/limonades"|""|"frisdrank met plantenextracten, zonder suiker, met zoetstoffen"|""|""|""|""|""|""|""|""|""|""|""|""|""|""|""|""|""|""|""|""|""|""|""|""|""|""|""|""|""|""|""|""|""|""|""|""|""|""|""|""|""|""|"https://www.aldi.be/content/aldi/belgium/promotions/source-localenhancement/2019/2019-01/2019-01-02/vast_assortiment/4091/1/0/_jcr_content/assets/imported-images/BILD_INTERNET4/4091-coca-cola-zero_25-lv1.png/_jcr_content/renditions/opt.1250w.png.res/1749080216516/opt.1250w.png"|""|"https://www.aldi.be/content/aldi/belgium/promotions/source-localenhancement/2019/2019-01/2019-01-02/vast_assortiment/4091/1/0/_jcr_content/assets/imported-images/BILD_INTERNET3/4091-coca-cola-zero_25-lv2.png/_jcr_content/renditions/opt.1250w.png.res/1749080199851/opt.1250w.png"|""|""|""|""|""|""|""|""|""|""|""|""|""|""|""|""|""|""|""|""|""|""|""|""|""|""|""|""|""|"8 x 25 cl"|""|""|""|""|"4091-1-0P"|""|""|""|""|""|""|""|""|""
"324-1-0"|"aldi"|""|""|""|""|""|""|""|"2026-03-23"|"Cola"|"RIVER"|""|"1.5"|"l"|""|"STARTPAGINA"|"PRODUCTEN"|"ASSORTIMENT"|"ALCOHOLVRIJE DRANKEN"|"LIMONADES"|"COLA"|""|"0.57"|"0.57"|""|""|""|""|""|""|""|""|""|""|"0.38"|""|""|"EUR"|"STARTPAGINA > PRODUCTEN > ASSORTIMENT > ALCOHOLVRIJE DRANKEN > LIMONADES > COLA"|"https://www.aldi.be/nl/p/artikel-324-1-0.article.html#/nl/producten/assortiment/alcoholvrije-dranken/limonades"|""|"frisdrank met plantenextracten, bevat cafeïne"|""|""|""|""|""|""|""|""|""|""|""|""|""|""|""|""|""|""|""|""|""|""|""|""|""|""|""|""|""|""|""|""|""|""|""|""|""|""|""|""|""|""|"https://www.aldi.be/content/aldi/belgium/promotions/source-localenhancement/2019/2019-01/2019-01-02/vast_assortiment/324/1/0/_jcr_content/assets/imported-images/BILD_INTERNET12/0324_river_cola_24-1.png/_jcr_content/renditions/opt.1250w.png.res/1707525410117/opt.1250w.png"|""|""|""|""|""|""|""|""|""|""|""|""|""|""|""|""|""|""|""|""|""|""|""|""|""|""|""|""|""|""|""|"1.5 l"|""|""|""|""|"324-1-0P"|""|""|""|""|""|""|""|""|""
"7749-1-0"|"aldi"|""|""|""|""|""|""|""|"2026-03-23"|"Cola, 12 st."|"RIVER"|""|"12 x 15"|"cl"|""|"STARTPAGINA"|"PRODUCTEN"|"ASSORTIMENT"|"ALCOHOLVRIJE DRANKEN"|"LIMONADES"|"COLA, 12 ST."|""|"3.99"|"3.99"|""|""|""|""|""|""|""|""|""|""|"2.22"|""|""|"EUR"|"STARTPAGINA > PRODUCTEN > ASSORTIMENT > ALCOHOLVRIJE DRANKEN > LIMONADES > COLA, 12 ST."|"https://www.aldi.be/nl/p/artikel-7749-1-0.article.html#/nl/producten/assortiment/alcoholvrije-dranken/limonades"|""|"in handige blikjes van 15 cl"|""|""|""|""|""|""|""|""|""|""|""|""|""|""|""|""|""|""|""|""|""|""|""|""|""|""|""|""|""|""|""|""|""|""|""|""|""|""|""|""|""|""|"https://www.aldi.be/content/aldi/belgium/promotions/source-localenhancement/2019/2019-01/2019-01-02/vast_assortiment/7749/1/0/_jcr_content/assets/imported-images/BILD_INTERNET17/7749_river_cola_regular_12x15cl_23-1.png/_jcr_content/renditions/opt.1250w.png.res/1712187416105/opt.1250w.png"|""|"https://www.aldi.be/content/aldi/belgium/promotions/source-localenhancement/2019/2019-01/2019-01-02/vast_assortiment/7749/1/0/_jcr_content/assets/imported-images/BILD_INTERNET16/7749_river_cola_regular_12x15cl_23-2.png/_jcr_content/renditions/opt.1250w.png.res/1712187416303/opt.1250w.png"|""|""|""|""|""|""|""|""|""|""|""|""|""|""|""|""|""|""|""|""|""|""|""|""|""|""|""|""|""|"12 x 15 cl"|""|""|""|""|"7749-1-0P"|""|""|""|""|""|""|""|""|""
"376-1-0"|"aldi"|""|""|""|""|""|""|""|"2026-03-23"|"Cola, 9 st."|"RIVER"|""|"9 x 50"|"cl"|""|"STARTPAGINA"|"PRODUCTEN"|"ASSORTIMENT"|"ALCOHOLVRIJE DRANKEN"|"LIMONADES"|"COLA, 9 ST."|""|"2.25"|"2.25"|""|""|""|""|""|""|""|""|""|""|"0.50"|""|""|"EUR"|"STARTPAGINA > PRODUCTEN > ASSORTIMENT > ALCOHOLVRIJE DRANKEN > LIMONADES > COLA, 9 ST."|"https://www.aldi.be/nl/p/artikel-376-1-0.article.html#/nl/producten/assortiment/alcoholvrije-dranken/limonades"|""|"frisdrank met plantenextracten, bevat cafeïne"|""|""|""|""|""|""|""|""|""|""|""|""|""|""|""|""|""|""|""|""|""|""|""|""|""|""|""|""|""|""|""|""|""|""|""|""|""|""|""|""|""|""|"https://www.aldi.be/content/aldi/belgium/promotions/source-localenhancement/2019/2019-01/2019-01-02/vast_assortiment/376/1/0/_jcr_content/assets/imported-images/BILD_INTERNET3/0376_cola_9x50cl_24-1.png/_jcr_content/renditions/opt.1250w.png.res/1732198994083/opt.1250w.png"|""|"https://www.aldi.be/content/aldi/belgium/promotions/source-localenhancement/2019/2019-01/2019-01-02/vast_assortiment/376/1/0/_jcr_content/assets/imported-images/BILD_INTERNET2/0376_cola_9x50cl_24-2.png/_jcr_content/renditions/opt.1250w.png.res/1732198988630/opt.1250w.png"|""|""|""|""|""|""|""|""|""|""|""|""|""|""|""|""|""|""|""|""|""|""|""|""|""|""|""|""|""|"9 x 50 cl"|""|""|""|""|"376-1-0P"|""|""|""|""|""|""|""|""|""
"3013191-1-0"|"aldi"|""|""|""|""|""|""|""|"2026-03-23"|"Cola cherry"|"RIVER"|""|"8 x 25"|"cl"|""|"STARTPAGINA"|"PRODUCTEN"|"ASSORTIMENT"|"ALCOHOLVRIJE DRANKEN"|"LIMONADES"|"COLA CHERRY"|""|"3.29"|"3.29"|""|""|""|""|""|""|""|""|""|""|"1.65"|""|""|"EUR"|"STARTPAGINA > PRODUCTEN > ASSORTIMENT > ALCOHOLVRIJE DRANKEN > LIMONADES > COLA CHERRY"|"https://www.aldi.be/nl/p/artikel-3013191-1-0.article.html#/nl/producten/assortiment/alcoholvrije-dranken/limonades"|""|"frisdrank met plantenextracten, kersensmaak, bevat cafeïne"|""|""|""|""|""|""|""|""|""|""|""|""|""|""|""|""|""|""|""|""|""|""|""|""|""|""|""|""|""|""|""|""|""|""|""|""|""|""|""|""|""|""|"https://www.aldi.be/content/aldi/belgium/promotions/source-localenhancement/2019/2019-01/2019-01-02/vast_assortiment/3013191/1/0/_jcr_content/assets/imported-images/BILD_INTERNET4/3013191_cola_cherry_26-1.png/_jcr_content/renditions/opt.1250w.png.res/1772498191883/opt.1250w.png"|""|"https://www.aldi.be/content/aldi/belgium/promotions/source-localenhancement/2019/2019-01/2019-01-02/vast_assortiment/3013191/1/0/_jcr_content/assets/imported-images/BILD_INTERNET1/3013191_cola_cherry_26-2.png/_jcr_content/renditions/opt.1250w.png.res/1772498186657/opt.1250w.png"|""|""|""|""|""|""|""|""|""|""|""|""|""|""|""|""|""|""|""|""|""|""|""|""|""|""|""|""|""|"8 x 25 cl"|""|""|""|""|"3013191-1-0P"|""|""|""|""|""|""|""|""|""
"326-1-0"|"aldi"|""|""|""|""|""|""|""|"2026-03-23"|"Cola light"|"RIVER"|""|"1.5"|"l"|""|"STARTPAGINA"|"PRODUCTEN"|"ASSORTIMENT"|"ALCOHOLVRIJE DRANKEN"|"LIMONADES"|"COLA LIGHT"|""|"0.64"|"0.64"|""|""|""|""|""|""|""|""|""|""|"0.43"|""|""|"EUR"|"STARTPAGINA > PRODUCTEN > ASSORTIMENT > ALCOHOLVRIJE DRANKEN > LIMONADES > COLA LIGHT"|"https://www.aldi.be/nl/p/artikel-326-1-0.article.html#/nl/producten/assortiment/alcoholvrije-dranken/limonades"|""|"frisdrank met plantenextracten, zonder suiker, bevat cafeïne"|""|""|""|""|""|""|""|""|""|""|""|""|""|""|""|""|""|""|""|""|""|""|""|""|""|""|""|""|""|""|""|""|""|""|""|""|""|""|""|""|""|""|"https://www.aldi.be/content/aldi/belgium/promotions/source-localenhancement/2019/2019-01/2019-01-02/vast_assortiment/326/1/0/_jcr_content/assets/imported-images/BILD_INTERNET4/0326_river_cola_light_24-1.png/_jcr_content/renditions/opt.1250w.png.res/1708590099646/opt.1250w.png"|""|""|""|""|""|""|""|""|""|""|""|""|""|""|""|""|""|""|""|""|""|""|""|""|""|""|""|""|""|""|""|"1.5 l"|""|""|""|""|"326-1-0P"|""|""|""|""|""|""|""|""|""
"3597-1-0"|"aldi"|""|""|""|""|""|""|""|"2026-03-23"|"Cola regular, 8 st."|"RIVER"|""|"8 x 25"|"cl"|""|"STARTPAGINA"|"PRODUCTEN"|"ASSORTIMENT"|"ALCOHOLVRIJE DRANKEN"|"LIMONADES"|"COLA REGULAR, 8 ST."|""|"2.09"|"2.09"|""|""|""|""|""|""|""|""|""|""|"1.05"|""|""|"EUR"|"STARTPAGINA > PRODUCTEN > ASSORTIMENT > ALCOHOLVRIJE DRANKEN > LIMONADES > COLA REGULAR, 8 ST."|"https://www.aldi.be/nl/p/artikel-3597-1-0.article.html#/nl/producten/assortiment/alcoholvrije-dranken/limonades"|""|"frisdrank met plantenextracten, bevat cafeïne"|""|""|""|""|""|""|""|""|""|""|""|""|""|""|""|""|""|""|""|""|""|""|""|""|""|""|""|""|""|""|""|""|""|""|""|""|""|""|""|""|""|""|"https://www.aldi.be/content/aldi/belgium/promotions/source-localenhancement/2019/2019-01/2019-01-02/vast_assortiment/3597/1/0/_jcr_content/assets/imported-images/BILD_INTERNET17/3597_river_cola_23-1.png/_jcr_content/renditions/opt.1250w.png.res/1702946202391/opt.1250w.png"|""|"https://www.aldi.be/content/aldi/belgium/promotions/source-localenhancement/2019/2019-01/2019-01-02/vast_assortiment/3597/1/0/_jcr_content/assets/imported-images/BILD_INTERNET18/3597_river_cola_23-2.png/_jcr_content/renditions/opt.1250w.png.res/1702946197554/opt.1250w.png"|""|""|""|""|""|""|""|""|""|""|""|""|""|""|""|""|""|""|""|""|""|""|""|""|""|""|""|""|""|"8 x 25 cl"|""|""|""|""|"3597-1-0P"|""|""|""|""|""|""|""|""|""
"934-1-0"|"aldi"|""|""|""|""|""|""|""|"2026-03-23"|"Cola zero"|"RIVER"|""|"1.5"|"l"|""|"STARTPAGINA"|"PRODUCTEN"|"ASSORTIMENT"|"ALCOHOLVRIJE DRANKEN"|"LIMONADES"|"COLA ZERO"|""|"0.62"|"0.57"|"0.62"|""|""|""|""|""|""|""|""|""|"0.38"|""|""|"EUR"|"STARTPAGINA > PRODUCTEN > ASSORTIMENT > ALCOHOLVRIJE DRANKEN > LIMONADES > COLA ZERO"|"https://www.aldi.be/nl/p/artikel-934-1-0.article.html#/nl/producten/assortiment/alcoholvrije-dranken/limonades"|""|"frisdrank met plantenextracten, suikervrij, bevat cafeïne"|""|""|""|""|""|""|""|""|""|""|""|""|""|""|""|""|""|""|""|""|""|""|""|""|""|""|""|""|""|""|""|""|""|""|""|""|""|""|""|""|""|""|"https://www.aldi.be/content/aldi/belgium/promotions/source-localenhancement/2019/2019-01/2019-01-02/vast_assortiment/934/1/0/_jcr_content/assets/imported-images/BILD_INTERNET8/0934_river_cola_zero_24-1.png/_jcr_content/renditions/opt.1250w.png.res/1712187419878/opt.1250w.png"|""|""|""|""|""|""|""|""|""|""|""|""|""|""|""|""|""|""|""|""|""|""|""|""|""|""|""|""|""|""|""|"1.5 l"|""|""|""|""|"934-1-0P"|""|""|""|""|""|""|""|""|""
"4020-1-0"|"aldi"|""|""|""|""|""|""|""|"2026-03-23"|"Cola zero, 12 st."|"RIVER"|""|"12 x 15"|"cl"|""|"STARTPAGINA"|"PRODUCTEN"|"ASSORTIMENT"|"ALCOHOLVRIJE DRANKEN"|"LIMONADES"|"COLA ZERO, 12 ST."|""|"3.99"|"3.99"|""|""|""|""|""|""|""|""|""|""|"2.22"|""|""|"EUR"|"STARTPAGINA > PRODUCTEN > ASSORTIMENT > ALCOHOLVRIJE DRANKEN > LIMONADES > COLA ZERO, 12 ST."|"https://www.aldi.be/nl/p/artikel-4020-1-0.article.html#/nl/producten/assortiment/alcoholvrije-dranken/limonades"|""|"in handige blikjes van 15 cl"|""|""|""|""|""|""|""|""|""|""|""|""|""|""|""|""|""|""|""|""|""|""|""|""|""|""|""|""|""|""|""|""|""|""|""|""|""|""|""|""|""|""|"https://www.aldi.be/content/aldi/belgium/promotions/source-localenhancement/2019/2019-01/2019-01-02/vast_assortiment/4020/1/0/_jcr_content/assets/imported-images/BILD_INTERNET10/4020_river_cola_zero_12x15cl_23-1.png/_jcr_content/renditions/opt.1250w.png.res/1702687013887/opt.1250w.png"|""|"https://www.aldi.be/content/aldi/belgium/promotions/source-localenhancement/2019/2019-01/2019-01-02/vast_assortiment/4020/1/0/_jcr_content/assets/imported-images/BILD_INTERNET11/4020_river_cola_zero_12x15cl_23-2.png/_jcr_content/renditions/opt.1250w.png.res/1702687013275/opt.1250w.png"|""|""|""|""|""|""|""|""|""|""|""|""|""|""|""|""|""|""|""|""|""|""|""|""|""|""|""|""|""|"12 x 15 cl"|""|""|""|""|"4020-1-0P"|""|""|""|""|""|""|""|""|""
"3788-1-0"|"aldi"|""|""|""|""|""|""|""|"2026-03-23"|"Cola zero, 8 st."|"RIVER"|""|"8 x 25"|"cl"|""|"STARTPAGINA"|"PRODUCTEN"|"ASSORTIMENT"|"ALCOHOLVRIJE DRANKEN"|"LIMONADES"|"COLA ZERO, 8 ST."|""|"1.99"|"1.99"|""|""|""|""|""|""|""|""|""|""|"1.00"|""|""|"EUR"|"STARTPAGINA > PRODUCTEN > ASSORTIMENT > ALCOHOLVRIJE DRANKEN > LIMONADES > COLA ZERO, 8 ST."|"https://www.aldi.be/nl/p/artikel-3788-1-0.article.html#/nl/producten/assortiment/alcoholvrije-dranken/limonades"|""|"frisdrank met plantenextracten, zonder suiker, met zoetstoffen, bevat cafeïne"|""|""|""|""|""|""|""|""|""|""|""|""|""|""|""|""|""|""|""|""|""|""|""|""|""|""|""|""|""|""|""|""|""|""|""|""|""|""|""|""|""|""|"https://www.aldi.be/content/aldi/belgium/promotions/source-localenhancement/2019/2019-01/2019-01-02/vast_assortiment/3788/1/0/_jcr_content/assets/imported-images/BILD_INTERNET4/3788_cola_zero_8x25cl_24-1.png/_jcr_content/renditions/opt.1250w.png.res/1706920607325/opt.1250w.png"|""|"https://www.aldi.be/content/aldi/belgium/promotions/source-localenhancement/2019/2019-01/2019-01-02/vast_assortiment/3788/1/0/_jcr_content/assets/imported-images/BILD_INTERNET9/3788_cola_zero_8x25cl_24-2.png/_jcr_content/renditions/opt.1250w.png.res/1706920603108/opt.1250w.png"|""|""|""|""|""|""|""|""|""|""|""|""|""|""|""|""|""|""|""|""|""|""|""|""|""|""|""|""|""|"8 x 25 cl"|""|""|""|""|"3788-1-0P"|""|""|""|""|""|""|""|""|""
"3008186-1-0"|"aldi"|""|""|""|""|""|""|""|"2026-03-23"|"Cola zero, 9 st."|"RIVER"|""|"9 x 50"|"cl"|""|"STARTPAGINA"|"PRODUCTEN"|"ASSORTIMENT"|"ALCOHOLVRIJE DRANKEN"|"LIMONADES"|"COLA ZERO, 9 ST."|""|"2.25"|"2.25"|""|""|""|""|""|""|""|""|""|""|"0.50"|""|""|"EUR"|"STARTPAGINA > PRODUCTEN > ASSORTIMENT > ALCOHOLVRIJE DRANKEN > LIMONADES > COLA ZERO, 9 ST."|"https://www.aldi.be/nl/p/artikel-3008186-1-0.article.html#/nl/producten/assortiment/alcoholvrije-dranken/limonades"|""|"frisdrank met plantenextracten, suikervrij, bevat cafeïne"|""|""|""|""|""|""|""|""|""|""|""|""|""|""|""|""|""|""|""|""|""|""|""|""|""|""|""|""|""|""|""|""|""|""|""|""|""|""|""|""|""|""|"https://www.aldi.be/content/aldi/belgium/promotions/source-localenhancement/2019/2019-01/2019-01-02/vast_assortiment/3008186/1/0/_jcr_content/assets/imported-images/BILD_INTERNET10/3008186_river_cola_zero_9x50cl_24-1b.png/_jcr_content/renditions/opt.1250w.png.res/1721432298396/opt.1250w.png"|""|"https://www.aldi.be/content/aldi/belgium/promotions/source-localenhancement/2019/2019-01/2019-01-02/vast_assortiment/3008186/1/0/_jcr_content/assets/imported-images/BILD_INTERNET7/3008186_river_cola_zero_9x50cl_24-2b.png/_jcr_content/renditions/opt.1250w.png.res/1721432292002/opt.1250w.png"|""|""|""|""|""|""|""|""|""|""|""|""|""|""|""|""|""|""|""|""|""|""|""|""|""|""|""|""|""|"9 x 50 cl"|""|""|""|""|"3008186-1-0P"|""|""|""|""|""|""|""|""|""
"9734-1-0"|"aldi"|""|""|""|""|""|""|""|"2026-03-23"|"Fanta, 8 st."|"FANTA"|""|"8 x 25"|"cl"|""|"STARTPAGINA"|"PRODUCTEN"|"ASSORTIMENT"|"ALCOHOLVRIJE DRANKEN"|"LIMONADES"|"FANTA, 8 ST."|""|"4.89"|"4.89"|""|""|""|""|""|""|""|""|""|""|"2.45"|""|""|"EUR"|"STARTPAGINA > PRODUCTEN > ASSORTIMENT > ALCOHOLVRIJE DRANKEN > LIMONADES > FANTA, 8 ST."|"https://www.aldi.be/nl/p/artikel-9734-1-0.article.html#/nl/producten/assortiment/alcoholvrije-dranken/limonades"|""|"limonade met plantenextracten"|""|""|""|""|""|""|""|""|""|""|""|""|""|""|""|""|""|""|""|""|""|""|""|""|""|""|""|""|""|""|""|""|""|""|""|""|""|""|""|""|""|""|"https://www.aldi.be/content/aldi/belgium/promotions/source-localenhancement/2019/2019-01/2019-01-02/vast_assortiment/9734/1/0/_jcr_content/assets/imported-images/BILD_INTERNET9/9734_fanta_24-1b.png/_jcr_content/renditions/opt.1250w.png.res/1764290199551/opt.1250w.png"|""|"https://www.aldi.be/content/aldi/belgium/promotions/source-localenhancement/2019/2019-01/2019-01-02/vast_assortiment/9734/1/0/_jcr_content/assets/imported-images/BILD_INTERNET10/9734_fanta_24-2b.png/_jcr_content/renditions/opt.1250w.png.res/1764290194129/opt.1250w.png"|""|""|""|""|""|""|""|""|""|""|""|""|""|""|""|""|""|""|""|""|""|""|""|""|""|""|""|""|""|"8 x 25 cl"|""|""|""|""|"9734-1-0P"|""|""|""|""|""|""|""|""|""
"3011908-1-0"|"aldi"|""|""|""|""|""|""|""|"2026-03-23"|"Fanta orange of Sprite"|""|""|"1.5"|"l"|""|"STARTPAGINA"|"PRODUCTEN"|"ASSORTIMENT"|"ALCOHOLVRIJE DRANKEN"|"LIMONADES"|"FANTA ORANGE OF SPRITE"|""|"2.05"|"2.05"|""|""|""|""|""|""|""|""|""|""|"1.37"|""|""|"EUR"|"STARTPAGINA > PRODUCTEN > ASSORTIMENT > ALCOHOLVRIJE DRANKEN > LIMONADES > FANTA ORANGE OF SPRITE"|"https://www.aldi.be/nl/p/artikel-3011908-1-0.article.html#/nl/producten/assortiment/alcoholvrije-dranken/limonades"|""|"verschillende varianten"|""|""|""|""|""|""|""|""|""|""|""|""|""|""|""|""|""|""|""|""|""|""|""|""|""|""|""|""|""|""|""|""|""|""|""|""|""|""|""|""|""|""|"https://www.aldi.be/content/aldi/belgium/promotions/source-localenhancement/2019/2019-01/2019-01-02/vast_assortiment/3011908/1/0/_jcr_content/assets/imported-images/BILD_INTERNET17/3011908-fanta-orange-of-sprite-25-lv0-grp_1.png/_jcr_content/renditions/opt.1250w.png.res/1757633803788/opt.1250w.png"|""|"https://www.aldi.be/content/aldi/belgium/promotions/source-localenhancement/2019/2019-01/2019-01-02/vast_assortiment/3011908/1/0/_jcr_content/assets/imported-images/BILD_INTERNET16/3011908---fanta-orange-of-sprite.png/_jcr_content/renditions/opt.1250w.png.res/1757633803973/opt.1250w.png"|""|"https://www.aldi.be/content/aldi/belgium/promotions/source-localenhancement/2019/2019-01/2019-01-02/vast_assortiment/3011908/1/0/_jcr_content/assets/imported-images/BILD_INTERNET14/3011908-fanta-orange-of-sprite-25-lv2.png/_jcr_content/renditions/opt.1250w.png.res/1757460979838/opt.1250w.png"|""|"https://www.aldi.be/content/aldi/belgium/promotions/source-localenhancement/2019/2019-01/2019-01-02/vast_assortiment/3011908/1/0/_jcr_content/assets/imported-images/BILD_INTERNET13/3011908-fanta-orange-of-sprite-25-lv3.png/_jcr_content/renditions/opt.1250w.png.res/1757460982128/opt.1250w.png"|""|"https://www.aldi.be/content/aldi/belgium/promotions/source-localenhancement/2019/2019-01/2019-01-02/vast_assortiment/3011908/1/0/_jcr_content/assets/imported-images/BILD_INTERNET11/3011908-fanta-orange-of-sprite-25-lv4.png/_jcr_content/renditions/opt.1250w.png.res/1757460976657/opt.1250w.png"|""|""|""|""|""|""|""|""|""|""|""|""|""|""|""|""|""|""|""|""|""|""|""|"1.5 l"|""|""|""|""|"3011908-1-0P"|""|""|""|""|""|""|""|""|""
"3009898-1-0"|"aldi"|""|""|""|""|""|""|""|"2026-03-23"|"Fanta zero of Sprite zero, 8 st."|""|""|"8 x 25"|"cl"|""|"STARTPAGINA"|"PRODUCTEN"|"ASSORTIMENT"|"ALCOHOLVRIJE DRANKEN"|"LIMONADES"|"FANTA ZERO OF SPRITE ZERO, 8 ST."|""|"5.49"|"5.49"|""|""|""|""|""|""|""|""|""|""|"2.75"|""|""|"EUR"|"STARTPAGINA > PRODUCTEN > ASSORTIMENT > ALCOHOLVRIJE DRANKEN > LIMONADES > FANTA ZERO OF SPRITE ZERO, 8 ST."|"https://www.aldi.be/nl/p/artikel-3009898-1-0.article.html#/nl/producten/assortiment/alcoholvrije-dranken/limonades"|""|"limonade, 8 x 25 cl"|""|""|""|""|""|""|""|""|""|""|""|""|""|""|""|""|""|""|""|""|""|""|""|""|""|""|""|""|""|""|""|""|""|""|""|""|""|""|""|""|""|""|"https://www.aldi.be/content/aldi/belgium/promotions/source-localenhancement/2019/2019-01/2019-01-02/vast_assortiment/3009898/1/0/_jcr_content/assets/imported-images/BILD_INTERNET1/3009898.0.fanta-zero-of-sprite-zero.all_belu.2025.cw24-grp.png/_jcr_content/renditions/opt.1250w.png.res/1749685076137/opt.1250w.png"|""|"https://www.aldi.be/content/aldi/belgium/promotions/source-localenhancement/2019/2019-01/2019-01-02/vast_assortiment/3009898/1/0/_jcr_content/assets/imported-images/BILD_INTERNET3/3009898.1.fanta-zero-of-sprite-zero.all_belu.2025.cw24.png/_jcr_content/renditions/opt.1250w.png.res/1749685077961/opt.1250w.png"|""|"https://www.aldi.be/content/aldi/belgium/promotions/source-localenhancement/2019/2019-01/2019-01-02/vast_assortiment/3009898/1/0/_jcr_content/assets/imported-images/BILD_INTERNET2/3009898.0.fanta-zero-of-sprite-zero.all_belu.2025.cw24.png/_jcr_content/renditions/opt.1250w.png.res/1749685079162/opt.1250w.png"|""|""|""|""|""|""|""|""|""|""|""|""|""|""|""|""|""|""|""|""|""|""|""|""|""|""|""|"8 x 25 cl"|""|""|""|""|"3009898-1-0P"|""|""|""|""|""|""|""|""|""
"5650-1-0"|"aldi"|""|""|""|""|""|""|""|"2026-03-23"|"Flavoured tonic, 6 st."|"RIVER"|""|"6 x 20"|"cl"|""|"STARTPAGINA"|"PRODUCTEN"|"ASSORTIMENT"|"ALCOHOLVRIJE DRANKEN"|"LIMONADES"|"FLAVOURED TONIC, 6 ST."|""|"4.49"|"4.49"|""|""|""|""|""|""|""|""|""|""|"3.74"|""|""|"EUR"|"STARTPAGINA > PRODUCTEN > ASSORTIMENT > ALCOHOLVRIJE DRANKEN > LIMONADES > FLAVOURED TONIC, 6 ST."|"https://www.aldi.be/nl/p/artikel-5650-1-0.article.html#/nl/producten/assortiment/alcoholvrije-dranken/limonades"|""|"keuze uit Elderflower en Mediterranean"|""|""|""|""|""|""|""|""|""|""|""|""|""|""|""|""|""|""|""|""|""|""|""|""|""|""|""|""|""|""|""|""|""|""|""|""|""|""|""|""|""|""|"https://www.aldi.be/content/aldi/belgium/promotions/source-localenhancement/2019/2019-01/2019-01-02/vast_assortiment/5650/1/0/_jcr_content/assets/imported-images/BILD_INTERNET41/5650_flavoured_tonic_24-0-grp.png/_jcr_content/renditions/opt.1250w.png.res/1717803408612/opt.1250w.png"|""|"https://www.aldi.be/content/aldi/belgium/promotions/source-localenhancement/2019/2019-01/2019-01-02/vast_assortiment/5650/1/0/_jcr_content/assets/imported-images/BILD_INTERNET38/5650_flavoured_tonic_24-1.png/_jcr_content/renditions/opt.1250w.png.res/1717803411547/opt.1250w.png"|""|"https://www.aldi.be/content/aldi/belgium/promotions/source-localenhancement/2019/2019-01/2019-01-02/vast_assortiment/5650/1/0/_jcr_content/assets/imported-images/BILD_INTERNET40/5650_flavoured_tonic_24-3.png/_jcr_content/renditions/opt.1250w.png.res/1717803404403/opt.1250w.png"|""|"https://www.aldi.be/content/aldi/belgium/promotions/source-localenhancement/2019/2019-01/2019-01-02/vast_assortiment/5650/1/0/_jcr_content/assets/imported-images/BILD_INTERNET42/5650_flavoured_tonic_24-2.png/_jcr_content/renditions/opt.1250w.png.res/1717803410791/opt.1250w.png"|""|"https://www.aldi.be/content/aldi/belgium/promotions/source-localenhancement/2019/2019-01/2019-01-02/vast_assortiment/5650/1/0/_jcr_content/assets/imported-images/BILD_INTERNET37/5650_flavoured_tonic_24-4.png/_jcr_content/renditions/opt.1250w.png.res/1717803404572/opt.1250w.png"|""|""|""|""|""|""|""|""|""|""|""|""|""|""|""|""|""|""|""|""|""|""|""|"6 x 20 cl"|""|""|""|""|"5650-1-0P"|""|""|""|""|""|""|""|""|""
"3003774-1-0"|"aldi"|""|""|""|""|""|""|""|"2026-03-23"|"Ginger ale, 6 st."|"CANADA DRY"|""|"6 x 33"|"cl"|""|"STARTPAGINA"|"PRODUCTEN"|"ASSORTIMENT"|"ALCOHOLVRIJE DRANKEN"|"LIMONADES"|"GINGER ALE, 6 ST."|""|"5.95"|"5.95"|""|""|""|""|""|""|""|""|""|""|"3.01"|""|""|"EUR"|"STARTPAGINA > PRODUCTEN > ASSORTIMENT > ALCOHOLVRIJE DRANKEN > LIMONADES > GINGER ALE, 6 ST."|"https://www.aldi.be/nl/p/artikel-3003774-1-0.article.html#/nl/producten/assortiment/alcoholvrije-dranken/limonades"|""|"bruisende frisdrank op basis van gember met plantenextracten, suiker en zoetstoffen"|""|""|""|""|""|""|""|""|""|""|""|""|""|""|""|""|""|""|""|""|""|""|""|""|""|""|""|""|""|""|""|""|""|""|""|""|""|""|""|""|""|""|"https://www.aldi.be/content/aldi/belgium/promotions/source-localenhancement/2019/2019-01/2019-01-02/tijdelijk_assortiment/3003774/1/0/_jcr_content/assets/imported-images/BILD_INTERNET6/3003774.canada_dry-1.all_belu.2025.cw43.png/_jcr_content/renditions/opt.1250w.png.res/1759242716308/opt.1250w.png"|""|"https://www.aldi.be/content/aldi/belgium/promotions/source-localenhancement/2019/2019-01/2019-01-02/tijdelijk_assortiment/3003774/1/0/_jcr_content/assets/imported-images/BILD_INTERNET5/3003774.canada_dry-2.all_belu.2025.cw43.png/_jcr_content/renditions/opt.1250w.png.res/1759242708002/opt.1250w.png"|""|""|""|""|""|""|""|""|""|""|""|""|""|""|""|""|""|""|""|""|""|""|""|""|""|""|""|""|""|"6 x 33 cl"|""|""|""|""|"3003774-1-0P"|""|""|""|""|""|""|""|""|""
"425-1-0"|"aldi"|""|""|""|""|""|""|""|"2026-03-23"|"Grenadine"|"RIVER"|""|"1.5"|"l"|""|"STARTPAGINA"|"PRODUCTEN"|"ASSORTIMENT"|"ALCOHOLVRIJE DRANKEN"|"LIMONADES"|"GRENADINE"|""|"0.99"|"0.99"|""|""|""|""|""|""|""|""|""|""|"0.66"|""|""|"EUR"|"STARTPAGINA > PRODUCTEN > ASSORTIMENT > ALCOHOLVRIJE DRANKEN > LIMONADES > GRENADINE"|"https://www.aldi.be/nl/p/artikel-425-1-0.article.html#/nl/producten/assortiment/alcoholvrije-dranken/limonades"|""|"frisdrank op basis van grenadine, met suiker"|""|""|""|""|""|""|""|""|""|""|""|""|""|""|""|""|""|""|""|""|""|""|""|""|""|""|""|""|""|""|""|""|""|""|""|""|""|""|""|""|""|""|"https://www.aldi.be/content/aldi/belgium/promotions/source-localenhancement/2019/2019-01/2019-01-02/vast_assortiment/425/1/0/_jcr_content/assets/imported-images/BILD_INTERNET12/0425_river_grenadine_23-2.png/_jcr_content/renditions/opt.1250w.png.res/1702687004329/opt.1250w.png"|""|""|""|""|""|""|""|""|""|""|""|""|""|""|""|""|""|""|""|""|""|""|""|""|""|""|""|""|""|""|""|"1.5 l"|""|""|""|""|"425-1-0P"|""|""|""|""|""|""|""|""|""
"261-1-0"|"aldi"|""|""|""|""|""|""|""|"2026-03-23"|"Grenadinesiroop"|"RIVER"|""|"75"|"cl"|""|"STARTPAGINA"|"PRODUCTEN"|"ASSORTIMENT"|"ALCOHOLVRIJE DRANKEN"|"LIMONADES"|"GRENADINESIROOP"|""|"2.35"|"2.35"|""|""|""|""|""|""|""|""|""|""|"3.13"|""|""|"EUR"|"STARTPAGINA > PRODUCTEN > ASSORTIMENT > ALCOHOLVRIJE DRANKEN > LIMONADES > GRENADINESIROOP"|"https://www.aldi.be/nl/p/artikel-261-1-0.article.html#/nl/producten/assortiment/alcoholvrije-dranken/limonades"|""|"grenadinesiroop"|""|""|""|""|""|""|""|""|""|""|""|""|""|""|""|""|""|""|""|""|""|""|""|""|""|""|""|""|""|""|""|""|""|""|""|""|""|""|""|""|""|""|"https://www.aldi.be/content/aldi/belgium/promotions/source-localenhancement/2019/2019-01/2019-01-02/vast_assortiment/261/1/0/_jcr_content/assets/imported-images/BILD_INTERNET6/0261_siroop_26-1.png/_jcr_content/renditions/opt.1250w.png.res/1773362187579/opt.1250w.png"|""|""|""|""|""|""|""|""|""|""|""|""|""|""|""|""|""|""|""|""|""|""|""|""|""|""|""|""|""|""|""|"75 cl"|""|""|""|""|"261-1-0P"|""|""|""|""|""|""|""|""|""
"3010885-1-0"|"aldi"|""|""|""|""|""|""|""|"2026-03-23"|"Iced tea lemon sparkling"|"RIVER"|""|"6 x 50"|"cl"|""|"STARTPAGINA"|"PRODUCTEN"|"ASSORTIMENT"|"ALCOHOLVRIJE DRANKEN"|"LIMONADES"|"ICED TEA LEMON SPARKLING"|""|"3.29"|"3.29"|""|""|""|""|""|""|""|""|""|""|"1.10"|""|""|"EUR"|"STARTPAGINA > PRODUCTEN > ASSORTIMENT > ALCOHOLVRIJE DRANKEN > LIMONADES > ICED TEA LEMON SPARKLING"|"https://www.aldi.be/nl/p/artikel-3010885-1-0.article.html#/nl/producten/assortiment/alcoholvrije-dranken/limonades"|""|"frisdrank met zwartethee-extract en citroensmaak"|""|""|""|""|""|""|""|""|""|""|""|""|""|""|""|""|""|""|""|""|""|""|""|""|""|""|""|""|""|""|""|""|""|""|""|""|""|""|""|""|""|""|"https://www.aldi.be/content/aldi/belgium/promotions/source-localenhancement/2019/2019-01/2019-01-02/vast_assortiment/3010885/1/0/_jcr_content/assets/imported-images/BILD_INTERNET1/3010885_iced_tea_lemon_sparkling_26-1.png/_jcr_content/renditions/opt.1250w.png.res/1773707792467/opt.1250w.png"|""|"https://www.aldi.be/content/aldi/belgium/promotions/source-localenhancement/2019/2019-01/2019-01-02/vast_assortiment/3010885/1/0/_jcr_content/assets/imported-images/BILD_INTERNET4/3010885_iced_tea_lemon_sparkling_26-2.png/_jcr_content/renditions/opt.1250w.png.res/1773707790248/opt.1250w.png"|""|""|""|""|""|""|""|""|""|""|""|""|""|""|""|""|""|""|""|""|""|""|""|""|""|""|""|""|""|"6 x 50 cl"|""|""|""|""|"3010885-1-0P"|""|""|""|""|""|""|""|""|""
"3012867-1-0"|"aldi"|""|""|""|""|""|""|""|"2026-03-23"|"Iced tea peach"|"RIVER"|""|"10 x 20"|"cl"|""|"STARTPAGINA"|"PRODUCTEN"|"ASSORTIMENT"|"ALCOHOLVRIJE DRANKEN"|"LIMONADES"|"ICED TEA PEACH"|""|"3.29"|"3.29"|""|""|""|""|""|""|""|""|""|""|"1.65"|""|""|"EUR"|"STARTPAGINA > PRODUCTEN > ASSORTIMENT > ALCOHOLVRIJE DRANKEN > LIMONADES > ICED TEA PEACH"|"https://www.aldi.be/nl/p/artikel-3012867-1-0.article.html#/nl/producten/assortiment/alcoholvrije-dranken/limonades"|""|"frisdrank met zwarte thee-extract en perziksmaak, in een pouch met rietje"|""|""|""|""|""|""|""|""|""|""|""|""|""|""|""|""|""|""|""|""|""|""|""|""|""|""|""|""|""|""|""|""|""|""|""|""|""|""|""|""|""|""|"https://www.aldi.be/content/aldi/belgium/promotions/source-localenhancement/2019/2019-01/2019-01-02/vast_assortiment/3012867/1/0/_jcr_content/assets/imported-images/BILD_INTERNET5/3012867_iced_tea_peach_26-1.png/_jcr_content/renditions/opt.1250w.png.res/1771634400309/opt.1250w.png"|""|"https://www.aldi.be/content/aldi/belgium/promotions/source-localenhancement/2019/2019-01/2019-01-02/vast_assortiment/3012867/1/0/_jcr_content/assets/imported-images/BILD_INTERNET6/3012867_iced_tea_peach_26-2.png/_jcr_content/renditions/opt.1250w.png.res/1771634398763/opt.1250w.png"|""|""|""|""|""|""|""|""|""|""|""|""|""|""|""|""|""|""|""|""|""|""|""|""|""|""|""|""|""|"10 x 20 cl"|""|""|""|""|"3012867-1-0P"|""|""|""|""|""|""|""|""|""
"3010884-1-0"|"aldi"|""|""|""|""|""|""|""|"2026-03-23"|"Iced tea peach hibiscus"|"RIVER"|""|"6 x 50"|"cl"|""|"STARTPAGINA"|"PRODUCTEN"|"ASSORTIMENT"|"ALCOHOLVRIJE DRANKEN"|"LIMONADES"|"ICED TEA PEACH HIBISCUS"|""|"4.49"|"4.49"|""|""|""|""|""|""|""|""|""|""|"1.50"|""|""|"EUR"|"STARTPAGINA > PRODUCTEN > ASSORTIMENT > ALCOHOLVRIJE DRANKEN > LIMONADES > ICED TEA PEACH HIBISCUS"|"https://www.aldi.be/nl/p/artikel-3010884-1-0.article.html#/nl/producten/assortiment/alcoholvrije-dranken/limonades"|""|"frisdrank met zwartethee- en hibiscusextract"|""|""|""|""|""|""|""|""|""|""|""|""|""|""|""|""|""|""|""|""|""|""|""|""|""|""|""|""|""|""|""|""|""|""|""|""|""|""|""|""|""|""|"https://www.aldi.be/content/aldi/belgium/promotions/source-localenhancement/2019/2019-01/2019-01-02/vast_assortiment/3010884/1/0/_jcr_content/assets/imported-images/BILD_INTERNET1/3010884_iced_tea_peach_hibiscus_26-1.png/_jcr_content/renditions/opt.1250w.png.res/1773103015246/opt.1250w.png"|""|"https://www.aldi.be/content/aldi/belgium/promotions/source-localenhancement/2019/2019-01/2019-01-02/vast_assortiment/3010884/1/0/_jcr_content/assets/imported-images/BILD_INTERNET6/3010884_iced_tea_peach_hibiscus_26-2.png/_jcr_content/renditions/opt.1250w.png.res/1773103021081/opt.1250w.png"|""|""|""|""|""|""|""|""|""|""|""|""|""|""|""|""|""|""|""|""|""|""|""|""|""|""|""|""|""|"6 x 50 cl"|""|""|""|""|"3010884-1-0P"|""|""|""|""|""|""|""|""|""
"3005710-1-0"|"aldi"|""|""|""|""|""|""|""|"2026-03-23"|"Ice Tea original"|"LIPTON"|""|"1.5"|"l"|""|"STARTPAGINA"|"PRODUCTEN"|"ASSORTIMENT"|"ALCOHOLVRIJE DRANKEN"|"LIMONADES"|"ICE TEA ORIGINAL"|""|"1.88"|"1.88"|""|""|""|""|""|""|""|""|""|""|"1.25"|""|""|"EUR"|"STARTPAGINA > PRODUCTEN > ASSORTIMENT > ALCOHOLVRIJE DRANKEN > LIMONADES > ICE TEA ORIGINAL"|"https://www.aldi.be/nl/p/artikel-3005710-1-0.article.html#/nl/producten/assortiment/alcoholvrije-dranken/limonades"|""|"frisdrank met thee-extract"|""|""|""|""|""|""|""|""|""|""|""|""|""|""|""|""|""|""|""|""|""|""|""|""|""|""|""|""|""|""|""|""|""|""|""|""|""|""|""|""|""|""|"https://www.aldi.be/content/aldi/belgium/promotions/source-localenhancement/2019/2019-01/2019-01-02/tijdelijk_assortiment/3005710/1/0/_jcr_content/assets/imported-images/BILD_INTERNET3/3005710_ice_tea_original_25-2.png/_jcr_content/renditions/opt.1250w.png.res/1750980984062/opt.1250w.png"|""|""|""|""|""|""|""|""|""|""|""|""|""|""|""|""|""|""|""|""|""|""|""|""|""|""|""|""|""|""|""|"1.5 l"|""|""|""|""|"3005710-1-0P"|""|""|""|""|""|""|""|""|""
"3945-1-0"|"aldi"|""|""|""|""|""|""|""|"2026-03-23"|"Limonade 4 lemons, 8 st."|"RIVER"|""|"8 x 25"|"cl"|""|"STARTPAGINA"|"PRODUCTEN"|"ASSORTIMENT"|"ALCOHOLVRIJE DRANKEN"|"LIMONADES"|"LIMONADE 4 LEMONS, 8 ST."|""|"3.29"|"3.29"|""|""|""|""|""|""|""|""|""|""|"1.65"|""|""|"EUR"|"STARTPAGINA > PRODUCTEN > ASSORTIMENT > ALCOHOLVRIJE DRANKEN > LIMONADES > LIMONADE 4 LEMONS, 8 ST."|"https://www.aldi.be/nl/p/artikel-3945-1-0.article.html#/nl/producten/assortiment/alcoholvrije-dranken/limonades"|""|"limonade op basis van 4 citrussoorten"|""|""|""|""|""|""|""|""|""|""|""|""|""|""|""|""|""|""|""|""|""|""|""|""|""|""|""|""|""|""|""|""|""|""|""|""|""|""|""|""|""|""|"https://www.aldi.be/content/aldi/belgium/promotions/source-localenhancement/2019/2019-01/2019-01-02/vast_assortiment/3945/1/0/_jcr_content/assets/imported-images/BILD_INTERNET3/3945_river_4_lemons_25-1.png/_jcr_content/renditions/opt.1250w.png.res/1752881853681/opt.1250w.png"|""|"https://www.aldi.be/content/aldi/belgium/promotions/source-localenhancement/2019/2019-01/2019-01-02/vast_assortiment/3945/1/0/_jcr_content/assets/imported-images/BILD_INTERNET5/3945_river_4_lemons_25-2.png/_jcr_content/renditions/opt.1250w.png.res/1752881849301/opt.1250w.png"|""|""|""|""|""|""|""|""|""|""|""|""|""|""|""|""|""|""|""|""|""|""|""|""|""|""|""|""|""|"8 x 25 cl"|""|""|""|""|"3945-1-0P"|""|""|""|""|""|""|""|""|""
"276-1-0"|"aldi"|""|""|""|""|""|""|""|"2026-03-23"|"Limonade agrumes"|"RIVER"|""|"1.5"|"l"|""|"STARTPAGINA"|"PRODUCTEN"|"ASSORTIMENT"|"ALCOHOLVRIJE DRANKEN"|"LIMONADES"|"LIMONADE AGRUMES"|""|"0.99"|"0.99"|""|""|""|""|""|""|""|""|""|""|"0.66"|""|""|"EUR"|"STARTPAGINA > PRODUCTEN > ASSORTIMENT > ALCOHOLVRIJE DRANKEN > LIMONADES > LIMONADE AGRUMES"|"https://www.aldi.be/nl/p/artikel-276-1-0.article.html#/nl/producten/assortiment/alcoholvrije-dranken/limonades"|""|"limonade met citrusvruchten op basis van 2 % sap"|""|""|""|""|""|""|""|""|""|""|""|""|""|""|""|""|""|""|""|""|""|""|""|""|""|""|""|""|""|""|""|""|""|""|""|""|""|""|""|""|""|""|"https://www.aldi.be/content/aldi/belgium/promotions/source-localenhancement/2019/2019-01/2019-01-02/vast_assortiment/276/1/0/_jcr_content/assets/imported-images/BILD_INTERNET3/0276_river_agrumes_25-1.png/_jcr_content/renditions/opt.1250w.png.res/1747655734391/opt.1250w.png"|""|""|""|""|""|""|""|""|""|""|""|""|""|""|""|""|""|""|""|""|""|""|""|""|""|""|""|""|""|""|""|"1.5 l"|""|""|""|""|"276-1-0P"|""|""|""|""|""|""|""|""|""
"3927-1-0"|"aldi"|""|""|""|""|""|""|""|"2026-03-23"|"Limonade agrumes, 8 st."|"RIVER"|""|"8 x 25"|"cl"|""|"STARTPAGINA"|"PRODUCTEN"|"ASSORTIMENT"|"ALCOHOLVRIJE DRANKEN"|"LIMONADES"|"LIMONADE AGRUMES, 8 ST."|""|"3.29"|"3.29"|""|""|""|""|""|""|""|""|""|""|"1.65"|""|""|"EUR"|"STARTPAGINA > PRODUCTEN > ASSORTIMENT > ALCOHOLVRIJE DRANKEN > LIMONADES > LIMONADE AGRUMES, 8 ST."|"https://www.aldi.be/nl/p/artikel-3927-1-0.article.html#/nl/producten/assortiment/alcoholvrije-dranken/limonades"|""|"citruslimonade op basis van 2 % sap"|""|""|""|""|""|""|""|""|""|""|""|""|""|""|""|""|""|""|""|""|""|""|""|""|""|""|""|""|""|""|""|""|""|""|""|""|""|""|""|""|""|""|"https://www.aldi.be/content/aldi/belgium/promotions/source-localenhancement/2019/2019-01/2019-01-02/vast_assortiment/3927/1/0/_jcr_content/assets/imported-images/BILD_INTERNET21/3927_river_agrumes_24-1_1.png/_jcr_content/renditions/opt.1250w.png.res/1721432256078/opt.1250w.png"|""|"https://www.aldi.be/content/aldi/belgium/promotions/source-localenhancement/2019/2019-01/2019-01-02/vast_assortiment/3927/1/0/_jcr_content/assets/imported-images/BILD_INTERNET20/3927_river_agrumes_24-2_1.png/_jcr_content/renditions/opt.1250w.png.res/1721432253211/opt.1250w.png"|""|""|""|""|""|""|""|""|""|""|""|""|""|""|""|""|""|""|""|""|""|""|""|""|""|""|""|""|""|"8 x 25 cl"|""|""|""|""|"3927-1-0P"|""|""|""|""|""|""|""|""|""
"4074-1-0"|"aldi"|""|""|""|""|""|""|""|"2026-03-23"|"Limonade agrumes zero, 8 st."|"RIVER"|""|"8 x 25"|"cl"|""|"STARTPAGINA"|"PRODUCTEN"|"ASSORTIMENT"|"ALCOHOLVRIJE DRANKEN"|"LIMONADES"|"LIMONADE AGRUMES ZERO, 8 ST."|""|"3.39"|"2.99"|"3.39"|""|""|""|""|""|""|""|""|""|"1.50"|""|""|"EUR"|"STARTPAGINA > PRODUCTEN > ASSORTIMENT > ALCOHOLVRIJE DRANKEN > LIMONADES > LIMONADE AGRUMES ZERO, 8 ST."|"https://www.aldi.be/nl/p/artikel-4074-1-0.article.html#/nl/producten/assortiment/alcoholvrije-dranken/limonades"|""|"citruslimonade op basis van 2 % sap, zonder suiker, met zoetstoffen"|""|""|""|""|""|""|""|""|""|""|""|""|""|""|""|""|""|""|""|""|""|""|""|""|""|""|""|""|""|""|""|""|""|""|""|""|""|""|""|""|""|""|"https://www.aldi.be/content/aldi/belgium/promotions/source-localenhancement/2019/2019-01/2019-01-02/vast_assortiment/4074/1/0/_jcr_content/assets/imported-images/BILD_INTERNET18/4074_river_agrumes_zero_24-1.png/_jcr_content/renditions/opt.1250w.png.res/1721432268721/opt.1250w.png"|""|"https://www.aldi.be/content/aldi/belgium/promotions/source-localenhancement/2019/2019-01/2019-01-02/vast_assortiment/4074/1/0/_jcr_content/assets/imported-images/BILD_INTERNET5/4074_river_agrumes_zero_24-2.png/_jcr_content/renditions/opt.1250w.png.res/1754091484903/opt.1250w.png"|""|"https://www.aldi.be/content/aldi/belgium/promotions/source-localenhancement/2019/2019-01/2019-01-02/vast_assortiment/4074/1/0/_jcr_content/assets/imported-images/BILD_INTERNET4/4074-limonade-agrumes-zero-2534-sfr.jpg/_jcr_content/renditions/original.transform/1250w/img.1754091436549.jpg"|""|""|""|""|""|""|""|""|""|""|""|""|""|""|""|""|""|""|""|""|""|""|""|""|""|""|""|"8 x 25 cl"|""|""|""|""|"4074-1-0P"|""|""|""|""|""|""|""|""|""
"323-1-0"|"aldi"|""|""|""|""|""|""|""|"2026-03-23"|"Limonade citron"|"RIVER"|""|"1.5"|"l"|""|"STARTPAGINA"|"PRODUCTEN"|"ASSORTIMENT"|"ALCOHOLVRIJE DRANKEN"|"LIMONADES"|"LIMONADE CITRON"|""|"0.65"|"0.65"|""|""|""|""|""|""|""|""|""|""|"0.43"|""|""|"EUR"|"STARTPAGINA > PRODUCTEN > ASSORTIMENT > ALCOHOLVRIJE DRANKEN > LIMONADES > LIMONADE CITRON"|"https://www.aldi.be/nl/p/artikel-323-1-0.article.html#/nl/producten/assortiment/alcoholvrije-dranken/limonades"|""|"limonade met vruchtenextracten"|""|""|""|""|""|""|""|""|""|""|""|""|""|""|""|""|""|""|""|""|""|""|""|""|""|""|""|""|""|""|""|""|""|""|""|""|""|""|""|""|""|""|"https://www.aldi.be/content/aldi/belgium/promotions/source-localenhancement/2019/2019-01/2019-01-02/vast_assortiment/323/1/0/_jcr_content/assets/imported-images/BILD_INTERNET13/0323_river_limonade_citron_24-3.png/_jcr_content/renditions/opt.1250w.png.res/1728689830570/opt.1250w.png"|""|""|""|""|""|""|""|""|""|""|""|""|""|""|""|""|""|""|""|""|""|""|""|""|""|""|""|""|""|""|""|"1.5 l"|""|""|""|""|"323-1-0P"|""|""|""|""|""|""|""|""|""
"273-1-0"|"aldi"|""|""|""|""|""|""|""|"2026-03-23"|"Limonade orange"|"RIVER"|""|"1.5"|"l"|""|"STARTPAGINA"|"PRODUCTEN"|"ASSORTIMENT"|"ALCOHOLVRIJE DRANKEN"|"LIMONADES"|"LIMONADE ORANGE"|""|"0.66"|"0.66"|""|""|""|""|""|""|""|""|""|""|"0.44"|""|""|"EUR"|"STARTPAGINA > PRODUCTEN > ASSORTIMENT > ALCOHOLVRIJE DRANKEN > LIMONADES > LIMONADE ORANGE"|"https://www.aldi.be/nl/p/artikel-273-1-0.article.html#/nl/producten/assortiment/alcoholvrije-dranken/limonades"|""|"sinaasappellimonade met 6 % sap"|""|""|""|""|""|""|""|""|""|""|""|""|""|""|""|""|""|""|""|""|""|""|""|""|""|""|""|""|""|""|""|""|""|""|""|""|""|""|""|""|""|""|"https://www.aldi.be/content/aldi/belgium/promotions/source-localenhancement/2019/2019-01/2019-01-02/vast_assortiment/273/1/0/_jcr_content/assets/imported-images/BILD_INTERNET12/0273_limonade_orange_24-1.png/_jcr_content/renditions/opt.1250w.png.res/1772239057905/opt.1250w.png"|""|""|""|""|""|""|""|""|""|""|""|""|""|""|""|""|""|""|""|""|""|""|""|""|""|""|""|""|""|""|""|"1.5 l"|""|""|""|""|"273-1-0P"|""|""|""|""|""|""|""|""|""
"2205-1-0"|"aldi"|""|""|""|""|""|""|""|"2026-03-23"|"Limonade orange, 12 st."|"RIVER"|""|"12 x 15"|"cl"|""|"STARTPAGINA"|"PRODUCTEN"|"ASSORTIMENT"|"ALCOHOLVRIJE DRANKEN"|"LIMONADES"|"LIMONADE ORANGE, 12 ST."|""|"3.99"|"3.99"|""|""|""|""|""|""|""|""|""|""|"2.22"|""|""|"EUR"|"STARTPAGINA > PRODUCTEN > ASSORTIMENT > ALCOHOLVRIJE DRANKEN > LIMONADES > LIMONADE ORANGE, 12 ST."|"https://www.aldi.be/nl/p/artikel-2205-1-0.article.html#/nl/producten/assortiment/alcoholvrije-dranken/limonades"|""|"in handige blikjes van 15 cl"|""|""|""|""|""|""|""|""|""|""|""|""|""|""|""|""|""|""|""|""|""|""|""|""|""|""|""|""|""|""|""|""|""|""|""|""|""|""|""|""|""|""|"https://www.aldi.be/content/aldi/belgium/promotions/source-localenhancement/2019/2019-01/2019-01-02/vast_assortiment/2205/1/0/_jcr_content/assets/imported-images/BILD_INTERNET13/2205_river_orange_23-1.png/_jcr_content/renditions/opt.1250w.png.res/1700786199537/opt.1250w.png"|""|"https://www.aldi.be/content/aldi/belgium/promotions/source-localenhancement/2019/2019-01/2019-01-02/vast_assortiment/2205/1/0/_jcr_content/assets/imported-images/BILD_INTERNET12/2205_river_orange_23-2.png/_jcr_content/renditions/opt.1250w.png.res/1700786197458/opt.1250w.png"|""|""|""|""|""|""|""|""|""|""|""|""|""|""|""|""|""|""|""|""|""|""|""|""|""|""|""|""|""|"12 x 15 cl"|""|""|""|""|"2205-1-0P"|""|""|""|""|""|""|""|""|""
"3625-1-0"|"aldi"|""|""|""|""|""|""|""|"2026-03-23"|"Limonade orange, 8 st."|"RIVER"|""|"8 x 25"|"cl"|""|"STARTPAGINA"|"PRODUCTEN"|"ASSORTIMENT"|"ALCOHOLVRIJE DRANKEN"|"LIMONADES"|"LIMONADE ORANGE, 8 ST."|""|"2.99"|"2.99"|""|""|""|""|""|""|""|""|""|""|"1.50"|""|""|"EUR"|"STARTPAGINA > PRODUCTEN > ASSORTIMENT > ALCOHOLVRIJE DRANKEN > LIMONADES > LIMONADE ORANGE, 8 ST."|"https://www.aldi.be/nl/p/artikel-3625-1-0.article.html#/nl/producten/assortiment/alcoholvrije-dranken/limonades"|""|"sinaasappellimonade met 6 % sap"|""|""|""|""|""|""|""|""|""|""|""|""|""|""|""|""|""|""|""|""|""|""|""|""|""|""|""|""|""|""|""|""|""|""|""|""|""|""|""|""|""|""|"https://www.aldi.be/content/aldi/belgium/promotions/source-localenhancement/2019/2019-01/2019-01-02/vast_assortiment/3625/1/0/_jcr_content/assets/imported-images/BILD_INTERNET12/3625_river_orange_23-1.png/_jcr_content/renditions/opt.1250w.png.res/1700786193670/opt.1250w.png"|""|"https://www.aldi.be/content/aldi/belgium/promotions/source-localenhancement/2019/2019-01/2019-01-02/vast_assortiment/3625/1/0/_jcr_content/assets/imported-images/BILD_INTERNET8/3625_river_orange_23-2.png/_jcr_content/renditions/opt.1250w.png.res/1700786187139/opt.1250w.png"|""|""|""|""|""|""|""|""|""|""|""|""|""|""|""|""|""|""|""|""|""|""|""|""|""|""|""|""|""|"8 x 25 cl"|""|""|""|""|"3625-1-0P"|""|""|""|""|""|""|""|""|""
"3008187-1-0"|"aldi"|""|""|""|""|""|""|""|"2026-03-23"|"Limonade Orange, 9 st."|"RIVER"|""|"9 x 50"|"cl"|""|"STARTPAGINA"|"PRODUCTEN"|"ASSORTIMENT"|"ALCOHOLVRIJE DRANKEN"|"LIMONADES"|"LIMONADE ORANGE, 9 ST."|""|"3.29"|"3.29"|""|""|""|""|""|""|""|""|""|""|"0.73"|""|""|"EUR"|"STARTPAGINA > PRODUCTEN > ASSORTIMENT > ALCOHOLVRIJE DRANKEN > LIMONADES > LIMONADE ORANGE, 9 ST."|"https://www.aldi.be/nl/p/artikel-3008187-1-0.article.html#/nl/producten/assortiment/alcoholvrije-dranken/limonades"|""|"sinaasappellimonade met 6 % sap"|""|""|""|""|""|""|""|""|""|""|""|""|""|""|""|""|""|""|""|""|""|""|""|""|""|""|""|""|""|""|""|""|""|""|""|""|""|""|""|""|""|""|"https://www.aldi.be/content/aldi/belgium/promotions/source-localenhancement/2019/2019-01/2019-01-02/vast_assortiment/3008187/1/0/_jcr_content/assets/imported-images/BILD_INTERNET4/3008187_river_orange_9x50cl_24-1b.png/_jcr_content/renditions/opt.1250w.png.res/1721432299169/opt.1250w.png"|""|"https://www.aldi.be/content/aldi/belgium/promotions/source-localenhancement/2019/2019-01/2019-01-02/vast_assortiment/3008187/1/0/_jcr_content/assets/imported-images/BILD_INTERNET5/3008187_river_orange_9x50cl_24-2b.png/_jcr_content/renditions/opt.1250w.png.res/1721432295248/opt.1250w.png"|""|""|""|""|""|""|""|""|""|""|""|""|""|""|""|""|""|""|""|""|""|""|""|""|""|""|""|""|""|"9 x 50 cl"|""|""|""|""|"3008187-1-0P"|""|""|""|""|""|""|""|""|""
"2642-1-0"|"aldi"|""|""|""|""|""|""|""|"2026-03-23"|"Muntsiroop"|"RIVER"|""|"75"|"cl"|""|"STARTPAGINA"|"PRODUCTEN"|"ASSORTIMENT"|"ALCOHOLVRIJE DRANKEN"|"LIMONADES"|"MUNTSIROOP"|""|"2.85"|"2.85"|""|""|""|""|""|""|""|""|""|""|"3.80"|""|""|"EUR"|"STARTPAGINA > PRODUCTEN > ASSORTIMENT > ALCOHOLVRIJE DRANKEN > LIMONADES > MUNTSIROOP"|"https://www.aldi.be/nl/p/artikel-2642-1-0.article.html#/nl/producten/assortiment/alcoholvrije-dranken/limonades"|""|"geconcentreerde muntsiroop om aan te lengen"|""|""|""|""|""|""|""|""|""|""|""|""|""|""|""|""|""|""|""|""|""|""|""|""|""|""|""|""|""|""|""|""|""|""|""|""|""|""|""|""|""|""|"https://www.aldi.be/content/aldi/belgium/promotions/source-localenhancement/2019/2019-01/2019-01-02/tijdelijk_assortiment/2642/1/0/_jcr_content/assets/imported-images/BILD_INTERNET3/2642_muntsiroop_26-1.png/_jcr_content/renditions/opt.1250w.png.res/1773448623165/opt.1250w.png"|""|""|""|""|""|""|""|""|""|""|""|""|""|""|""|""|""|""|""|""|""|""|""|""|""|""|""|""|""|""|""|"75 cl"|""|""|""|""|"2642-1-0P"|""|""|""|""|""|""|""|""|""
"3011586-1-0"|"aldi"|""|""|""|""|""|""|""|"2026-03-23"|"Orange zero, 8 st."|"RIVER"|""|"8 x 25"|"cl"|""|"STARTPAGINA"|"PRODUCTEN"|"ASSORTIMENT"|"ALCOHOLVRIJE DRANKEN"|"LIMONADES"|"ORANGE ZERO, 8 ST."|""|"2.99"|"2.99"|""|""|""|""|""|""|""|""|""|""|"1.50"|""|""|"EUR"|"STARTPAGINA > PRODUCTEN > ASSORTIMENT > ALCOHOLVRIJE DRANKEN > LIMONADES > ORANGE ZERO, 8 ST."|"https://www.aldi.be/nl/p/artikel-3011586-1-0.article.html#/nl/producten/assortiment/alcoholvrije-dranken/limonades"|""|"limonade, blikje van 25 cl"|""|""|""|""|""|""|""|""|""|""|""|""|""|""|""|""|""|""|""|""|""|""|""|""|""|""|""|""|""|""|""|""|""|""|""|""|""|""|""|""|""|""|"https://www.aldi.be/content/aldi/belgium/promotions/source-localenhancement/2019/2019-01/2019-01-02/vast_assortiment/3011586/1/0/_jcr_content/assets/imported-images/BILD_INTERNET3/3011586_river_orange_zero_sugar_25-1.png/_jcr_content/renditions/opt.1250w.png.res/1756337785595/opt.1250w.png"|""|"https://www.aldi.be/content/aldi/belgium/promotions/source-localenhancement/2019/2019-01/2019-01-02/vast_assortiment/3011586/1/0/_jcr_content/assets/imported-images/BILD_INTERNET2/3011586_river_orange_zero_sugar_25-2.png/_jcr_content/renditions/opt.1250w.png.res/1756337779919/opt.1250w.png"|""|""|""|""|""|""|""|""|""|""|""|""|""|""|""|""|""|""|""|""|""|""|""|""|""|""|""|""|""|"8 x 25 cl"|""|""|""|""|"3011586-1-0P"|""|""|""|""|""|""|""|""|""
"3007167-1-0"|"aldi"|""|""|""|""|""|""|""|"2026-03-23"|"Pepsi zero sugar"|"PEPSI"|""|"1.5"|"l"|""|"STARTPAGINA"|"PRODUCTEN"|"ASSORTIMENT"|"ALCOHOLVRIJE DRANKEN"|"LIMONADES"|"PEPSI ZERO SUGAR"|""|"2.25"|"2.25"|""|""|""|""|""|""|""|""|""|""|"1.50"|""|""|"EUR"|"STARTPAGINA > PRODUCTEN > ASSORTIMENT > ALCOHOLVRIJE DRANKEN > LIMONADES > PEPSI ZERO SUGAR"|"https://www.aldi.be/nl/p/artikel-3007167-1-0.article.html#/nl/producten/assortiment/alcoholvrije-dranken/limonades"|""|"bruisende frisdrank met plantenextracten, zonder suiker"|""|""|""|""|""|""|""|""|""|""|""|""|""|""|""|""|""|""|""|""|""|""|""|""|""|""|""|""|""|""|""|""|""|""|""|""|""|""|""|""|""|""|"https://www.aldi.be/content/aldi/belgium/promotions/source-localenhancement/2019/2019-01/2019-01-02/vast_assortiment/3007167/1/0/_jcr_content/assets/imported-images/BILD_INTERNET2/3007167_pepsi_zero_sugar_24-2.png/_jcr_content/renditions/opt.1250w.png.res/1732198930387/opt.1250w.png"|""|"https://www.aldi.be/content/aldi/belgium/promotions/source-localenhancement/2019/2019-01/2019-01-02/vast_assortiment/3007167/1/0/_jcr_content/assets/imported-images/BILD_INTERNET3/3007167_pepsi_zero_sugar_24-1.png/_jcr_content/renditions/opt.1250w.png.res/1732754194998/opt.1250w.png"|""|""|""|""|""|""|""|""|""|""|""|""|""|""|""|""|""|""|""|""|""|""|""|""|""|""|""|""|""|"1.5 l"|""|""|""|""|"3007167-1-0P"|""|""|""|""|""|""|""|""|""
"3004448-1-0"|"aldi"|""|""|""|""|""|""|""|"2026-03-23"|"Pepsi zero sugar, 6 st."|"PEPSI"|""|"6 x 33"|"cl"|""|"STARTPAGINA"|"PRODUCTEN"|"ASSORTIMENT"|"ALCOHOLVRIJE DRANKEN"|"LIMONADES"|"PEPSI ZERO SUGAR, 6 ST."|""|"2.79"|"2.79"|""|""|""|""|""|""|""|""|""|""|"1.41"|""|""|"EUR"|"STARTPAGINA > PRODUCTEN > ASSORTIMENT > ALCOHOLVRIJE DRANKEN > LIMONADES > PEPSI ZERO SUGAR, 6 ST."|"https://www.aldi.be/nl/p/artikel-3004448-1-0.article.html#/nl/producten/assortiment/alcoholvrije-dranken/limonades"|""|"bruisende frisdrank met plantenextracten, zonder suiker, met de originele Pepsi-smaak"|""|""|""|""|""|""|""|""|""|""|""|""|""|""|""|""|""|""|""|""|""|""|""|""|""|""|""|""|""|""|""|""|""|""|""|""|""|""|""|""|""|""|"https://www.aldi.be/content/aldi/belgium/promotions/source-localenhancement/2019/2019-01/2019-01-02/vast_assortiment/3004448/1/0/_jcr_content/assets/imported-images/BILD_INTERNET3/3004448_pepsi_zero_sugar_6x33cl_24-1.png/_jcr_content/renditions/opt.1250w.png.res/1732198998761/opt.1250w.png"|""|"https://www.aldi.be/content/aldi/belgium/promotions/source-localenhancement/2019/2019-01/2019-01-02/vast_assortiment/3004448/1/0/_jcr_content/assets/imported-images/BILD_INTERNET2/3004448_pepsi_zero_sugar_6x33cl_24-2.png/_jcr_content/renditions/opt.1250w.png.res/1732198993198/opt.1250w.png"|""|""|""|""|""|""|""|""|""|""|""|""|""|""|""|""|""|""|""|""|""|""|""|""|""|""|""|""|""|"6 x 33 cl"|""|""|""|""|"3004448-1-0P"|""|""|""|""|""|""|""|""|""
"3011774-1-0"|"aldi"|""|""|""|""|""|""|""|"2026-03-23"|"Premium tonic, 6 st."|"RIVER"|""|"6 x 33"|"cl"|""|"STARTPAGINA"|"PRODUCTEN"|"ASSORTIMENT"|"ALCOHOLVRIJE DRANKEN"|"LIMONADES"|"PREMIUM TONIC, 6 ST."|""|"3.29"|"2.99"|"3.29"|""|""|""|""|""|""|""|""|""|"1.51"|""|""|"EUR"|"STARTPAGINA > PRODUCTEN > ASSORTIMENT > ALCOHOLVRIJE DRANKEN > LIMONADES > PREMIUM TONIC, 6 ST."|"https://www.aldi.be/nl/p/artikel-3011774-1-0.article.html#/nl/producten/assortiment/alcoholvrije-dranken/limonades"|""|"bruisende frisdrank met plantenextracten en natuurlijke aroma's"|""|""|""|""|""|""|""|""|""|""|""|""|""|""|""|""|""|""|""|""|""|""|""|""|""|""|""|""|""|""|""|""|""|""|""|""|""|""|""|""|""|""|"https://www.aldi.be/content/aldi/belgium/promotions/source-localenhancement/2019/2019-01/2019-01-02/vast_assortiment/3011774/1/0/_jcr_content/assets/imported-images/BILD_INTERNET15/3011774_premium_tonic_kanjer_nb-gg-prim_25-2a.png/_jcr_content/renditions/opt.1250w.png.res/1754523390720/opt.1250w.png"|""|"https://www.aldi.be/content/aldi/belgium/promotions/source-localenhancement/2019/2019-01/2019-01-02/vast_assortiment/3011774/1/0/_jcr_content/assets/imported-images/BILD_INTERNET10/3011774_river_tonic_25-1.png/_jcr_content/renditions/opt.1250w.png.res/1753832209872/opt.1250w.png"|""|"https://www.aldi.be/content/aldi/belgium/promotions/source-localenhancement/2019/2019-01/2019-01-02/vast_assortiment/3011774/1/0/_jcr_content/assets/imported-images/BILD_INTERNET7/3011774_river_tonic_25-2.png/_jcr_content/renditions/opt.1250w.png.res/1753832197326/opt.1250w.png"|""|""|""|""|""|""|""|""|""|""|""|""|""|""|""|""|""|""|""|""|""|""|""|""|""|""|""|"6 x 33 cl"|""|""|""|""|"3011774-1-0P"|""|""|""|""|""|""|""|""|""
"3011776-1-0"|"aldi"|""|""|""|""|""|""|""|"2026-03-23"|"River bitter lemon, 6 st."|"RIVER"|""|"6 x 33"|"cl"|""|"STARTPAGINA"|"PRODUCTEN"|"ASSORTIMENT"|"ALCOHOLVRIJE DRANKEN"|"LIMONADES"|"RIVER BITTER LEMON, 6 ST."|""|"3.29"|"3.29"|""|""|""|""|""|""|""|""|""|""|"1.66"|""|""|"EUR"|"STARTPAGINA > PRODUCTEN > ASSORTIMENT > ALCOHOLVRIJE DRANKEN > LIMONADES > RIVER BITTER LEMON, 6 ST."|"https://www.aldi.be/nl/p/artikel-3011776-1-0.article.html#/nl/producten/assortiment/alcoholvrije-dranken/limonades"|""|"verfrissende limonade met limoen- en citroensmaak"|""|""|""|""|""|""|""|""|""|""|""|""|""|""|""|""|""|""|""|""|""|""|""|""|""|""|""|""|""|""|""|""|""|""|""|""|""|""|""|""|""|""|"https://www.aldi.be/content/aldi/belgium/promotions/source-localenhancement/2019/2019-01/2019-01-02/vast_assortiment/3011776/1/0/_jcr_content/assets/imported-images/BILD_INTERNET2/3011776_bitter_lemon_25-1.png/_jcr_content/renditions/opt.1250w.png.res/1760744205681/opt.1250w.png"|""|"https://www.aldi.be/content/aldi/belgium/promotions/source-localenhancement/2019/2019-01/2019-01-02/vast_assortiment/3011776/1/0/_jcr_content/assets/imported-images/BILD_INTERNET1/3011776_bitter_lemon_25-2.png/_jcr_content/renditions/opt.1250w.png.res/1760744198486/opt.1250w.png"|""|""|""|""|""|""|""|""|""|""|""|""|""|""|""|""|""|""|""|""|""|""|""|""|""|""|""|""|""|"6 x 33 cl"|""|""|""|""|"3011776-1-0P"|""|""|""|""|""|""|""|""|""
"6100-1-0"|"aldi"|""|""|""|""|""|""|""|"2026-03-23"|"Sprite zero, 8 st."|"SPRITE"|""|"8 x 25"|"cl"|""|"STARTPAGINA"|"PRODUCTEN"|"ASSORTIMENT"|"ALCOHOLVRIJE DRANKEN"|"LIMONADES"|"SPRITE ZERO, 8 ST."|""|"5.49"|"5.49"|""|""|""|""|""|""|""|""|""|""|"2.75"|""|""|"EUR"|"STARTPAGINA > PRODUCTEN > ASSORTIMENT > ALCOHOLVRIJE DRANKEN > LIMONADES > SPRITE ZERO, 8 ST."|"https://www.aldi.be/nl/p/artikel-6100-1-0.article.html#/nl/producten/assortiment/alcoholvrije-dranken/limonades"|""|"suikervrije frisdrank"|""|""|""|""|""|""|""|""|""|""|""|""|""|""|""|""|""|""|""|""|""|""|""|""|""|""|""|""|""|""|""|""|""|""|""|""|""|""|""|""|""|""|"https://www.aldi.be/content/aldi/belgium/promotions/source-localenhancement/2019/2019-01/2019-01-02/vast_assortiment/6100/1/0/_jcr_content/assets/imported-images/BILD_INTERNET6/6100_sprite_zero_sugar_slimcan.all_belu.2025.lv1.png/_jcr_content/renditions/opt.1250w.png.res/1749080273738/opt.1250w.png"|""|""|""|""|""|""|""|""|""|""|""|""|""|""|""|""|""|""|""|""|""|""|""|""|""|""|""|""|""|""|""|"8 x 25 cl"|""|""|""|""|"6100-1-0P"|""|""|""|""|""|""|""|""|""
"107-1-0"|"aldi"|""|""|""|""|""|""|""|"2026-03-23"|"Vruchtenlimonade"|"RIO D'ORO"|""|"10 x 20"|"cl"|""|"STARTPAGINA"|"PRODUCTEN"|"ASSORTIMENT"|"ALCOHOLVRIJE DRANKEN"|"LIMONADES"|"VRUCHTENLIMONADE"|""|"2.59"|"2.59"|""|""|""|""|""|""|""|""|""|""|"1.30"|""|""|"EUR"|"STARTPAGINA > PRODUCTEN > ASSORTIMENT > ALCOHOLVRIJE DRANKEN > LIMONADES > VRUCHTENLIMONADE"|"https://www.aldi.be/nl/p/artikel-107-1-0.article.html#/nl/producten/assortiment/alcoholvrije-dranken/limonades"|""|"niet-bruisende frisdrank, keuze uit appel/kers en sinaasappel, met plooibaar drinkrietje"|""|""|""|""|""|""|""|""|""|""|""|""|""|""|""|""|""|""|""|""|""|""|""|""|""|""|""|""|""|""|""|""|""|""|""|""|""|""|""|""|""|""|"https://www.aldi.be/content/aldi/belgium/promotions/source-localenhancement/2019/2019-01/2019-01-02/vast_assortiment/107/1/0/_jcr_content/assets/imported-images/BILD_INTERNET5/0107_vruchtenlimonade_25-0a-grp.png/_jcr_content/renditions/opt.1250w.png.res/1739320623066/opt.1250w.png"|""|"https://www.aldi.be/content/aldi/belgium/promotions/source-localenhancement/2019/2019-01/2019-01-02/vast_assortiment/107/1/0/_jcr_content/assets/imported-images/BILD_INTERNET3/0107_vruchtenlimonade_25-1.png/_jcr_content/renditions/opt.1250w.png.res/1739320625080/opt.1250w.png"|""|"https://www.aldi.be/content/aldi/belgium/promotions/source-localenhancement/2019/2019-01/2019-01-02/vast_assortiment/107/1/0/_jcr_content/assets/imported-images/BILD_INTERNET1/0107_vruchtenlimonade_25-2.png/_jcr_content/renditions/opt.1250w.png.res/1739320622396/opt.1250w.png"|""|""|""|""|""|""|""|""|""|""|""|""|""|""|""|""|""|""|""|""|""|""|""|""|""|""|""|"10 x 20 cl"|""|""|""|""|"107-1-0P"|""|""|""|""|""|""|""|""|""
"1600-1-0"|"aldi"|""|""|""|""|""|""|""|"2026-03-23"|"Vruchtenlimonade"|"RIO D'ORO"|""|"2"|"l"|""|"STARTPAGINA"|"PRODUCTEN"|"ASSORTIMENT"|"ALCOHOLVRIJE DRANKEN"|"LIMONADES"|"VRUCHTENLIMONADE"|""|"1.69"|"1.69"|""|""|""|""|""|""|""|""|""|""|"0.85"|""|""|"EUR"|"STARTPAGINA > PRODUCTEN > ASSORTIMENT > ALCOHOLVRIJE DRANKEN > LIMONADES > VRUCHTENLIMONADE"|"https://www.aldi.be/nl/p/artikel-1600-1-0.article.html#/nl/producten/assortiment/alcoholvrije-dranken/limonades"|""|"niet-bruisende frisdrank op basis van 12 % sap, tropical"|""|""|""|""|""|""|""|""|""|""|""|""|""|""|""|""|""|""|""|""|""|""|""|""|""|""|""|""|""|""|""|""|""|""|""|""|""|""|""|""|""|""|"https://www.aldi.be/content/aldi/belgium/promotions/source-localenhancement/2019/2019-01/2019-01-02/vast_assortiment/1600/1/0/_jcr_content/assets/imported-images/BILD_INTERNET1/1600_vruchtenfrisdrank_2l_25-1.png/_jcr_content/renditions/opt.1250w.png.res/1746661018098/opt.1250w.png"|""|""|""|""|""|""|""|""|""|""|""|""|""|""|""|""|""|""|""|""|""|""|""|""|""|""|""|""|""|""|""|"2 l"|""|""|""|""|"1600-1-0P"|""|""|""|""|""|""|""|""|""
"3000307-1-0"|"aldi"|""|""|""|""|""|""|""|"2026-03-23"|"Vruchtenlimonade, 14 st."|"RIO D'ORO"|""|"14 x 20"|"cl"|""|"STARTPAGINA"|"PRODUCTEN"|"ASSORTIMENT"|"ALCOHOLVRIJE DRANKEN"|"LIMONADES"|"VRUCHTENLIMONADE, 14 ST."|""|"4.49"|"3.99"|"4.49"|""|""|""|""|""|""|""|""|""|"1.43"|""|""|"EUR"|"STARTPAGINA > PRODUCTEN > ASSORTIMENT > ALCOHOLVRIJE DRANKEN > LIMONADES > VRUCHTENLIMONADE, 14 ST."|"https://www.aldi.be/nl/p/artikel-3000307-1-0.article.html#/nl/producten/assortiment/alcoholvrije-dranken/limonades"|""|"niet-bruisende frisdrank op basis van vruchtensap"|""|""|""|""|""|""|""|""|""|""|""|""|""|""|""|""|""|""|""|""|""|""|""|""|""|""|""|""|""|""|""|""|""|""|""|""|""|""|""|""|""|""|"https://www.aldi.be/content/aldi/belgium/promotions/source-localenhancement/2019/2019-01/2019-01-02/vast_assortiment/3000307/1/0/_jcr_content/assets/imported-images/BILD_INTERNET6/3000307_vruchtenlimonade_14x_25-1.png/_jcr_content/renditions/opt.1250w.png.res/1755041795630/opt.1250w.png"|""|"https://www.aldi.be/content/aldi/belgium/promotions/source-localenhancement/2019/2019-01/2019-01-02/vast_assortiment/3000307/1/0/_jcr_content/assets/imported-images/BILD_INTERNET4/3000307_vruchtenlimonade_uit_verpakking_25-1.png/_jcr_content/renditions/opt.1250w.png.res/1755041794694/opt.1250w.png"|""|""|""|""|""|""|""|""|""|""|""|""|""|""|""|""|""|""|""|""|""|""|""|""|""|""|""|""|""|"14 x 20 cl"|""|""|""|""|"3000307-1-0P"|""|""|""|""|""|""|""|""|""
"1954-1-0"|"aldi"|""|""|""|""|""|""|""|"2026-03-23"|"Vruchtenlimonade, 6 st."|"RIO D'ORO"|""|"6 x 30"|"cl"|""|"STARTPAGINA"|"PRODUCTEN"|"ASSORTIMENT"|"ALCOHOLVRIJE DRANKEN"|"LIMONADES"|"VRUCHTENLIMONADE, 6 ST."|""|"4.29"|"3.99"|"4.29"|""|""|""|""|""|""|""|""|""|"2.22"|""|""|"EUR"|"STARTPAGINA > PRODUCTEN > ASSORTIMENT > ALCOHOLVRIJE DRANKEN > LIMONADES > VRUCHTENLIMONADE, 6 ST."|"https://www.aldi.be/nl/p/artikel-1954-1-0.article.html#/nl/producten/assortiment/alcoholvrije-dranken/limonades"|""|"niet-bruisende frisdrank op basis van vruchtensap, keuze uit multivruchten (20 % sap) en sinaasappel (12 % sap)"|""|""|""|""|""|""|""|""|""|""|""|""|""|""|""|""|""|""|""|""|""|""|""|""|""|""|""|""|""|""|""|""|""|""|""|""|""|""|""|""|""|""|"https://www.aldi.be/content/aldi/belgium/promotions/source-localenhancement/2019/2019-01/2019-01-02/vast_assortiment/1954/1/0/_jcr_content/assets/imported-images/BILD_INTERNET3/1954_vruchtenlimonade_25-0-grp.png/_jcr_content/renditions/opt.1250w.png.res/1757315555146/opt.1250w.png"|""|"https://www.aldi.be/content/aldi/belgium/promotions/source-localenhancement/2019/2019-01/2019-01-02/vast_assortiment/1954/1/0/_jcr_content/assets/imported-images/BILD_INTERNET7/1954_vruchtenlimonade_25-1.png/_jcr_content/renditions/opt.1250w.png.res/1757315562928/opt.1250w.png"|""|"https://www.aldi.be/content/aldi/belgium/promotions/source-localenhancement/2019/2019-01/2019-01-02/vast_assortiment/1954/1/0/_jcr_content/assets/imported-images/BILD_INTERNET4/1954_vruchtenlimonade_25-2.png/_jcr_content/renditions/opt.1250w.png.res/1757315551234/opt.1250w.png"|""|"https://www.aldi.be/content/aldi/belgium/promotions/source-localenhancement/2019/2019-01/2019-01-02/vast_assortiment/1954/1/0/_jcr_content/assets/imported-images/BILD_INTERNET5/1954_vruchtenlimonade_25-3.png/_jcr_content/renditions/opt.1250w.png.res/1757315561430/opt.1250w.png"|""|"https://www.aldi.be/content/aldi/belgium/promotions/source-localenhancement/2019/2019-01/2019-01-02/vast_assortiment/1954/1/0/_jcr_content/assets/imported-images/BILD_INTERNET1/1954_vruchtenlimonade_25-4.png/_jcr_content/renditions/opt.1250w.png.res/1757315550154/opt.1250w.png"|""|""|""|""|""|""|""|""|""|""|""|""|""|""|""|""|""|""|""|""|""|""|""|"6 x 30 cl"|""|""|""|""|"1954-1-0P"|""|""|""|""|""|""|""|""|""
